217,0.5,1.0,0.0,0,0,0,1,True
217,0.5,1.0,0.0,0,0,0,1,True
217,0.5499167083234141,0.5403023058681398,0.8414709848078965,0,0,0,1,True
217,0.5993346653975307,-0.4161468365471424,0.9092974268256817,0,0,0,1,True
217,0.6477601033306698,-0.9899924966004454,0.1411200080598672,0,0,0,1,True
217,0.6947091711543253,-0.6536436208636119,-0.7568024953079282,0,0,0,1,True
217,0.7397127693021015,0.28366218546322625,-0.9589242746631385,0,0,0,1,True
217,0.7823212366975176,0.960170286650366,-0.27941549819892586,0,0,0,1,True
217,0.8221088436188455,0.7539022543433046,0.6569865987187891,0,0,0,1,True
217,0.8586780454497613,-0.14550003380861354,0.9893582466233818,0,0,0,1,True
217,0.8916634548137417,-0.9111302618846769,0.4121184852417566,0,0,0,1,True
217,0.9207354924039483,-0.8390715290764524,-0.5440211108893698,0,0,0,1,True
217,0.9456036800307177,0.004425697988050785,-0.9999902065507035,0,0,0,1,True
217,0.9660195429836131,0.8438539587324921,-0.5365729180004349,0,0,0,1,True
217,0.9817790927085965,0.9074467814501962,0.4201670368266409,0,0,0,1,True
217,0.9927248649942301,0.1367372182078336,0.9906073556948704,0,0,0,1,True
217,0.9987474933020273,-0.7596879128588213,0.6502878401571168,0,0,0,1,True
217,0.9997868015207525,-0.9576594803233847,-0.2879033166650653,0,0,0,1,True
217,0.9958324052262343,-0.27516333805159693,-0.9613974918795568,0,0,0,1,True
217,0.9869238154390976,0.6603167082440802,-0.7509872467716762,0,0,0,1,True
217,0.9731500438437073,0.9887046181866692,0.14987720966295234,0,0,0,1,True
217,0.9546487134128409,0.40808206181339196,0.9129452507276277,0,0,0,1,True
217,0.9316046833244369,-0.5477292602242684,0.8366556385360561,0,0,0,1,True
217,0.904248201909795,-0.9999608263946371,-0.008851309290403876,0,0,0,1,True
217,0.8728526060883601,-0.5328330203333975,-0.8462204041751706,0,0,0,1,True
217,0.8377315902755755,0.424179007336997,-0.9055783620066238,0,0,0,1,True
217,0.7992360720519782,0.9912028118634736,-0.13235175009777303,0,0,0,1,True
217,0.7577506859107321,0.6469193223286404,0.7625584504796027,0,0,0,1,True
217,0.7136899401169149,-0.2921388087338362,0.956375928404503,0,0,0,1,True
217,0.6674940750779526,-0.9626058663135666,0.27090578830786904,0,0,0,1,True
217,0.6196246646069912,-0.7480575296890004,-0.6636338842129675,0,0,0,1,True
217,0.5705600040299336,0.15425144988758405,-0.9880316240928618,0,0,0,1,True
217,0.5207903312166452,0.9147423578045313,-0.404037645323065,0,0,0,1,True
217,0.47081292828620996,0.8342233605065102,0.5514266812416906,0,0,0,1,True
217,0.4211271529283759,-0.013276747223059479,0.9999118601072672,0,0,0,1,True
217,0.3722294489865844,-0.8485702747846052,0.5290826861200238,0,0,0,1,True
217,0.32460838615519005,-0.9036922050915067,-0.428182669496151,0,0,0,1,True
217,0.2787397783525738,-0.12796368962740468,-0.9917788534431158,0,0,0,1,True
217,0.2350819295457533,0.7654140519453434,-0.6435381333569995,0,0,0,1,True
217,0.19407105452864054,0.9550736440472949,0.2963685787093853,0,0,0,1,True
217,0.15611692040801312,0.26664293235993725,0.9637953862840878,0,0,0,1,True
217,0.1215987523460359,-0.6669380616522619,0.7451131604793488,0,0,0,1,True
217,0.09086144446779487,-0.9873392775238264,-0.158622668804709,0,0,0,1,True
217,0.0642121137932059,-0.39998531498835127,-0.9165215479156338,0,0,0,1,True
217,0.04191703162527255,0.5551133015206257,-0.8317747426285983,0,0,0,1,True
217,0.02419896305524194,0.9998433086476912,0.017701925105413577,0,0,0,1,True
217,0.011234941167451495,0.5253219888177297,0.8509035245341184,0,0,0,1,True
217,0.0031544981832677954,-0.4321779448847783,0.9017883476488092,0,0,0,1,True
217,3.837121794958431e-05,-0.9923354691509287,0.123573122745224,0,0,0,1,True
217,0.0019176955820796593,-0.6401443394691997,-0.7682546613236668,0,0,0,1,True
217,0.008773693687833761,0.3005925437436371,-0.9537526527594719,0,0,0,1,True
217,0.020537862668430773,0.9649660284921133,-0.26237485370392877,0,0,0,1,True
217,0.037092658836133774,0.7421541968137826,0.6702291758433747,0,0,0,1,True
217,0.05827267213992343,-0.16299078079570548,0.9866275920404853,0,0,0,1,True
217,0.08386627888804937,-0.9182827862121189,0.39592515018183416,0,0,0,1,True
217,0.11361775622200643,-0.8293098328631502,-0.5587890488516163,0,0,0,1,True
217,0.14722983721480404,0.022126756261955736,-0.9997551733586199,0,0,0,1,True
217,0.1843666810638392,0.853220107722584,-0.5215510020869119,0,0,0,1,True
217,0.2246572287011812,0.8998668269691937,0.43616475524782494,0,0,0,1,True
217,0.2676989102931213,0.11918013544881928,0.9928726480845371,0,0,0,1,True
217,0.31306166758488196,-0.7710802229758452,0.6367380071391379,0,0,0,1,True
217,0.36029225090053707,-0.9524129804151563,-0.3048106211022167,0,0,0,1,True
217,0.40891874786395205,-0.25810163593826746,-0.9661177700083929,0,0,0,1,True
217,0.4584552985912518,0.6735071623235862,-0.7391806966492228,0,0,0,1,True
217,0.5084069502421749,0.9858965815825497,0.16735570030280691,0,0,0,1,True
217,0.5582746024252468,0.39185723042955,0.9200260381967907,0,0,0,1,True
217,0.6075599940439078,-0.562453851238172,0.8268286794901034,0,0,0,1,True
217,0.655770681756689,-0.99964745596635,-0.026551154023966794,0,0,0,1,True
217,0.7024249603082992,-0.5177697997895051,-0.8555199789753223,0,0,0,1,True
217,0.7470566755693041,0.4401430224960407,-0.8979276806892913,0,0,0,1,True
217,0.7892198821941001,0.9933903797222716,-0.11478481378318722,0,0,0,1,True
217,0.8284932993593945,0.6333192030862999,0.7738906815578891,0,0,0,1,True
217,0.864484520062938,-0.3090227281660707,0.9510546532543747,0,0,0,1,True
217,0.8968339319245766,-0.9672505882738824,0.25382336276203626,0,0,0,1,True
217,0.9252183103142821,-0.7361927182273159,-0.6767719568873076,0,0,0,1,True
217,0.9493540479058135,0.17171734183077755,-0.9851462604682474,0,0,0,1,True
217,0.9689999883873694,0.9217512697247493,-0.38778163540943045,0,0,0,1,True
217,0.9839598360157431,0.8243313311075577,0.5661076368981803,0,0,0,1,True
217,0.9940841169385002,-0.03097503173121646,0.9995201585807313,0,0,0,1,True
217,0.9992716726873025,-0.8578030932449878,0.5139784559875352,0,0,0,1,True
217,0.999470670919886,-0.8959709467909631,-0.4441126687075084,0,0,0,1,True
217,0.994679123311691,-0.11038724383904756,-0.9938886539233752,0,0,0,1,True
217,0.9849449054225432,0.7766859820216312,-0.6298879942744539,0,0,0,1,True
217,0.9703652783398866,0.9496776978825432,0.31322878243308516,0,0,0,1,True
217,0.9510859168781467,0.24954011797333814,0.9683644611001854,0,0,0,1,True
217,0.9272994540441403,-0.6800234955873388,0.7331903200732922,0,0,0,1,True
217,0.8992435563117451,-0.9843766433940419,-0.1760756199485871,0,0,0,1,True
217,0.8671985489370566,-0.38369844494974187,-0.9234584470040598,0,0,0,1,True
217,0.8314846150410917,0.569750334265312,-0.8218178366308225,0,0,0,1,True
217,0.7924585964458808,0.9993732836951247,0.03539830273366068,0,0,0,1,True
217,0.7505104282289423,0.5101770449416689,0.8600694058124532,0,0,0,1,True
217,0.7060592426208783,-0.4480736161291701,0.8939966636005579,0,0,0,1,True
217,0.6595491811746761,-0.9943674609282015,0.10598751175115685,0,0,0,1,True
217,0.6114449570501238,-0.626444447910339,-0.7794660696158047,0,0,0,1,True
217,0.5622272117535309,0.31742870151970165,-0.9482821412699473,0,0,0,1,True
217,0.5123877127266789,0.9694593666699876,-0.24525198546765434,0,0,0,1,True
217,0.46242443976909536,0.7301735609948197,0.683261714736121,0,0,0,1,True
217,0.4128366093885102,-0.18043044929108396,0.9835877454343449,0,0,0,1,True
217,0.3641196867945288,-0.9251475365964139,0.3796077390275217,0,0,0,1,True
217,0.3167604353740358,-0.8192882452914593,-0.5733818719904229,0,0,0,1,True
217,0.27123205311233933,0.0398208803931389,-0.9992068341863537,0,0,0,1,True
217,0.2279894445553151,0.8623188722876839,-0.5063656411097588,0,0,0,1,True
217,0.18746467555355895,0.8920048697881602,0.45202578717835057,0,0,0,1,True
217,0.15006265620322884,0.10158570369662134,0.9948267913584063,0,0,0,1,True
217,0.11615709511820876,-0.7822308898871159,0.6229886314423488,0,0,0,1,True
217,0.08608676545717314,-0.9468680107512125,-0.32162240316253093,0,0,0,1,True
217,0.06015212001416498,-0.24095904923620143,-0.9705352835374847,0,0,0,1,True
217,0.03861228919359666,0.6864865509069841,-0.7271425000808526,0,0,0,1,True
217,0.02168249186490606,0.9827795820412206,0.18478174456066745,0,0,0,1,True
217,0.009531884966754223,0.3755095977670121,0.926818505417785,0,0,0,1,True
217,0.0022818733468112917,-0.577002178942952,0.8167426066363169,0,0,0,1,True
217,4.896724648262296e-06,-0.999020813314648,-0.044242678085070965,0,0,0,1,True
217,0.002723705898005413,-0.5025443191453852,-0.8645514486106083,0,0,0,1,True
217,0.0104111354243413,0.4559691044442761,-0.8899956043668333,0,0,0,1,True
217,0.022990375048955514,0.9952666362171313,-0.09718190589320902,0,0,0,1,True
217,0.040335737167662145,0.6195206125592099,0.7849803886813105,0,0,0,1,True
217,0.062273912655785746,-0.3258098052199642,0.9454353340247703,0,0,0,1,True
217,0.08858570251564557,-0.9715921906288022,0.23666139336428604,0,0,0,1,True
217,0.11900820804048334,-0.7240971967004738,-0.689697940935389,0,0,0,1,True
217,0.1532374576114388,0.1891294205289584,-0.9819521690440836,0,0,0,1,True
217,0.19093144388148336,0.9284713207390763,-0.3714041014380902,0,0,0,1,True
217,0.23171354099978253,0.8141809705265618,0.5806111842123143,0,0,0,1,True
217,0.27517626773269926,-0.04866360920015389,0.9988152247235795,0,0,0,1,True
217,0.32088535888158565,-0.8667670910519801,0.4987131538963941,0,0,0,1,True
217,0.36838410431709956,-0.8879689066918555,-0.45990349068959124,0,0,0,1,True
217,0.4171979122758453,-0.09277620459766088,-0.9956869868891794,0,0,0,1,True
217,0.4668390513243997,0.7877145121442345,-0.6160404591886565,0,0,0,1,True
217,0.5168115236105684,0.9439841391523142,0.329990825673782,0,0,0,1,True
217,0.5666160207099711,0.23235910202965793,0.972630067242408,0,0,0,1,True
217,0.6157549125507695,-0.6928958219201651,0.7210377105017316,0,0,0,1,True
217,0.6637372195688465,-0.9811055226493881,-0.19347339203846847,0,0,0,1,True
217,0.7100835184133205,-0.3672913304546965,-0.9301059501867618,0,0,0,1,True
217,0.7543307321861868,0.5842088171092893,-0.8116033871367005,0,0,0,1,True
217,0.7960367573536116,0.9985900724399912,0.05308358714605824,0,0,0,1,True
217,0.8347848810983012,0.4948722204034305,0.8689657562142357,0,0,0,1,True
217,0.8701879449762243,-0.4638288688518717,0.8859248164599484,0,0,0,1,True
217,0.9018922132758105,-0.9960878351411849,0.08836868610400143,0,0,0,1,True
217,0.929580907428248,-0.6125482394960996,-0.7904332067228887,0,0,0,1,True
217,0.9529773711542309,0.33416538263076073,-0.9425144545582509,0,0,0,1,True
217,0.9718478347220524,0.9736488930495181,-0.2280522595008612,0,0,0,1,True
217,0.9860037506974879,0.717964101410472,0.6960801312247415,0,0,0,1,True
217,0.9953036778474351,-0.19781357400426822,0.9802396594403116,0,0,0,1,True
217,0.9996546943739588,-0.9317223617435201,0.363171365373259,0,0,0,1,True
217,0.9990133263581809,-0.8090099069535975,-0.5877950071674065,0,0,0,1,True
217,0.9933859821373067,0.05750252534912421,-0.9983453608739179,0,0,0,1,True
217,0.9828288882746388,0.8711474010323434,-0.49102159389846933,0,0,0,1,True
217,0.9674475277623416,0.8838633737085002,0.4677451620451334,0,0,0,1,True
217,0.9473955860702521,0.08395943674184847,0.9964691731217737,0,0,0,1,True
217,0.9228734155714671,-0.7931364191664784,0.6090440218832924,0,0,0,1,True
217,0.8941260336876582,-0.9410263090291437,-0.3383333943242765,0,0,0,1,True
217,0.861440674755988,-0.22374095013558368,-0.9746486480944947,0,0,0,1,True
217,0.8251439200785584,0.6992508064783751,-0.7148764296291646,0,0,0,1,True
217,0.7855984348299943,0.9793545963764285,0.20214988141565363,0,0,0,1,True
217,0.7431993444268998,0.35904428689111606,0.933320523748862,0,0,0,1,True
217,0.6983702865653061,-0.5913696841443247,0.8064005807754863,0,0,0,1,True
217,0.6515591783728512,-0.9980810948185003,-0.06192033725605731,0,0,0,1,True
217,0.6032337409688983,-0.48716134980334147,-0.8733119827746476,0,0,0,1,True
217,0.553876826149722,0.47165229356133864,-0.8817846188147811,0,0,0,1,True
217,0.5039815918929687,0.9968309933617175,-0.0795485428747221,0,0,0,1,True
217,0.4540465748861592,0.6055278749869898,0.7958240965274552,0,0,0,1,True
217,0.4045707093129053,-0.34249477911590703,0.9395197317131483,0,0,0,1,True
217,0.35604834166746735,-0.9756293127952373,0.21942525837900473,0,0,0,1,True
217,0.3089642914079954,-0.7117747556357236,-0.702407785577371,0,0,0,1,True
217,0.2637890068007669,0.20648222933781113,-0.9784503507933796,0,0,0,1,True
217,0.22097386435661032,0.9349004048997503,-0.35491017584493534,0,0,0,1,True
217,0.18094665882602629,0.803775459710974,0.5949327780232085,0,0,0,1,True
217,0.14410732881543847,-0.06633693633562374,0.9977972794498907,0,0,0,1,True
217,0.11082396073285078,-0.875459459043705,0.48329156372825655,0,0,0,1,True
217,0.08142911099012662,-0.8796885924951523,-0.47555018687189876,0,0,0,1,True
217,0.056216483209247714,-0.07513609089835323,-0.9971732887740798,0,0,0,1,True
217,0.0354379936328158,0.7984961861625556,-0.6019998676776046,0,0,0,1,True
217,0.019301254060221595,0.9379947521194415,0.3466494554970303,0,0,0,1,True
217,0.007967497459178297,0.21510526876214117,0.9765908679435658,0,0,0,1,True
217,0.0015499669792019555,-0.7055510066862999,0.7086591401823227,0,0,0,1,True
217,0.00011278446349444193,-0.9775269404025313,-0.2108105329134813,0,0,0,1,True
217,0.0036703097646834104,-0.3507691132091307,-0.9364619742512132,0,0,0,1,True
217,0.012186997265921207,0.5984842190140996,-0.8011345951780408,0,0,0,1,True
217,0.025577751040938013,0.9974939203271522,0.07075223608034517,0,0,0,1,True
217,0.04370877510440774,0.47941231147032193,0.8775897877771157,0,0,0,1,True
217,0.06639891025720934,-0.4794387656291727,0.8775753358042688,0,0,0,1,True
217,0.09342144416925574,-0.9974960526543551,0.07072216723899125,0,0,0,1,True
217,0.12450637661416192,-0.5984600690578581,-0.8011526357338304,0,0,0,1,True
217,0.15934311722225003,0.3507973420904214,-0.936451400117644,0,0,0,1,True
217,0.19758358879685795,0.9775332947055968,-0.21078106590019152,0,0,0,1,True
217,0.23884570518663423,0.7055296442942061,0.7086804082392084,0,0,0,1,True
217,0.2827171889640516,-0.21513470736462095,0.9765843832906294,0,0,0,1,True
217,0.32875969076519374,-0.9380052012169503,0.346621180094276,0,0,0,1,True
217,0.37651316913168953,-0.7984780389030323,-0.6020239375552833,0,0,0,1,True
217,0.4255004870929006,0.07516615000819327,-0.997171023392149,0,0,0,1,True
217,0.4752321795608163,0.879702927248347,-0.47552366901205834,0,0,0,1,True
217,0.5252113439034056,0.8754448901342752,0.48331795366796265,0,0,0,1,True
217,0.5749386048314762,0.06630685835171127,0.9977992786806003,0,0,0,1,True
217,0.6239171039914799,-0.8037933932096717,0.594908548461427,0,0,0,1,True
217,0.6716574644099477,-0.9348897059372352,-0.3549383576518463,0,0,0,1,True
217,0.7176826801864467,-0.20645273449087873,-0.9784565746221131,0,0,0,1,True
217,0.7615328825788482,0.711795928940826,-0.7023863292684921,0,0,0,1,True
217,0.8027699348598005,0.9756226979194443,0.21945466799406363,0,0,0,1,True
217,0.8409818100340678,0.3424664577455166,0.9395300555699313,0,0,0,1,True
217,0.8757867076760741,-0.6055518643146514,0.7958058429196471,0,0,0,1,True
217,0.9068368687535526,-0.9968285949694307,-0.07957859166428352,0,0,0,1,True
217,0.9338220503208337,-0.47162571251991114,-0.8817988360675502,0,0,0,1,True
217,0.9564726253638138,0.4871876750070059,-0.8732972972139946,0,0,0,1,True
217,0.9745622768239472,0.9980829609135574,-0.06189025071872073,0,0,0,1,True
217,0.9879102588834878,0.591345375451585,0.8064184068658304,0,0,0,1,True
217,0.9963832029179536,-0.35907242107165305,0.9333097001669604,0,0,0,1,True
217,0.9998964500713345,-0.9793606896089245,0.2021203593127912,0,0,0,1,True
217,0.9984148971393996,-0.6992292566729736,-0.7148975077677643,0,0,0,1,True
217,0.9919533473093081,0.22377033018717848,-0.97464190312541,0,0,0,1,True
217,0.9805763622510583,0.9410365074429887,-0.3383050275409778,0,0,0,1,True
217,0.9643976170386201,0.7931180595679168,0.6090679301910603,0,0,0,1,True
217,0.9435787643461755,-0.08398947462256867,0.9964666417661079,0,0,0,1,True
217,0.918327819268028,-0.8838774731823718,0.46771851834275896,0,0,0,1,True
217,0.8888970809005464,-0.8711325991081119,-0.491047853850463,0,0,0,1,True
217,0.8555806114529912,-0.057472430847665464,-0.9983470937967718,0,0,0,1,True
217,0.8187112980751194,0.8090276252864301,-0.5877706198198406,0,0,0,1,True
217,0.7786575267588307,0.9317114137542325,0.36319945137636067,0,0,0,1,True
217,0.7358195015470981,0.19778402522372224,0.9802456219572225,0,0,0,1,True
217,0.6906252458274701,-0.7179850839697136,0.6960584883449115,0,0,0,1,True
217,0.6435263256638643,-0.9736420181192547,-0.22808160941352784,0,0,0,1,True
217,0.5949933378977189,-0.33413697099017103,-0.9425245273294025,0,0,0,1,True
217,0.5455112080999239,0.6125720663156844,-0.7904147414931815,0,0,0,1,True
217,0.49557434535479805,0.9960851708717215,0.08839871248753149,0,0,0,1,True
217,0.4456817022879601,0.4638021630104179,0.8859387978787574,0,0,0,1,True
217,0.39633178969662064,-0.49489841458940237,0.8689508382163493,0,0,0,1,True
217,0.3480176955944765,-0.9985916721566993,0.05305348526993529,0,0,0,1,True
217,0.30122215843928357,-0.5841843515845697,-0.8116209973649745,0,0,0,1,True
217,0.2564127437697452,0.36731936773024515,-0.9300948780045254,0,0,0,1,True
217,0.21403717244521808,0.9811113543339269,-0.19344381715900788,0,0,0,1,True
217,0.17451884716687655,0.6928740863898232,0.7210585970706318,0,0,0,1,True
217,0.13825262197787752,-0.23238842122852268,0.9726230624856244,0,0,0,1,True
217,0.10560085701229177,-0.9439940860834779,0.32996236973239734,0,0,0,1,True
217,0.07688979791241468,-0.787695941645058,-0.6160642040533645,0,0,0,1,True
217,0.05240631609015911,0.09280621889587708,-0.9956841897581032,0,0,0,1,True
217,0.032395042402730556,0.8879827697817493,-0.4598767232321427,0,0,0,1,True
217,0.01705592288196478,0.8667520572726362,0.49873928180328125,0,0,0,1,True
217,0.006542220939675603,0.048633500538969116,0.9988166912028082,0,0,0,1,True
217,0.0009589860103018655,-0.8141984723053474,0.5805866409896446,0,0,0,1,True
217,0.0003620039316861723,-0.9284601245807608,-0.37143208943692263,0,0,0,1,True
217,0.004757239551421766,-0.18909982012986337,-0.9819578697820255,0,0,0,1,True
217,0.014100777128068342,0.7241179868699296,-0.6896761131802671,0,0,0,1,True
217,0.028299259122722242,0.9715850561826999,0.2366906812750767,0,0,0,1,True
217,0.04721081899668811,0.32578130553514806,0.9454451549211168,0,0,0,1,True
217,0.07064649869503525,-0.6195442750039529,0.7849617132764033,0,0,0,1,True
217,0.09837213665302263,-0.9952637062792294,-0.09721190751822432,0,0,0,1,True
217,0.1301107074610533,-0.4559422758951242,-0.8900093488562771,0,0,0,1,True
217,0.16554508981098787,0.5025703802614231,-0.8645362993442719,0,0,0,1,True
217,0.20432123506743782,0.9990221465276736,-0.04421256322855966,0,0,0,1,True
217,0.24605170480468896,0.5769775585030581,0.8167599996228085,0,0,0,1,True
217,0.29031954196338433,-0.3755375359409301,0.9268071855026884,0,0,0,1,True
217,0.3366824369476389,-0.982785151720906,0.184752119221718,0,0,0,1,True
217,0.3846771470363022,-0.68646463135462,-0.727163193443649,0,0,0,1,True
217,0.4338241249511135,0.24098830528525864,-0.9705280195418053,0,0,0,1,True
217,0.4836323103345773,0.9468777054203809,-0.3215938602925038,0,0,0,1,True
217,0.5336040362627374,0.7822121099422712,0.623012211003653,0,0,0,1,True
217,0.5832400017685796,-0.10161569206079699,0.9948237286710673,0,0,0,1,True
217,0.6320442606922347,-0.8920184954079421,0.45199889806298343,0,0,0,1,True
217,0.6795291770110842,-0.8623036078310824,-0.5063916349244909,0,0,0,1,True
217,0.7252202971376946,-0.03979075993115771,-0.9992080341070627,0,0,0,1,True
217,0.7686610905032358,0.8193055291449822,-0.5733571748155426,0,0,0,1,True
217,0.8094175110600197,0.9251360931462582,0.37963562682930313,0,0,0,1,True
217,0.847082334126121,0.18040079959254857,0.9835931839466808,0,0,0,1,True
217,0.8812792252398014,-0.7301941571456378,0.6832397038158508,0,0,0,1,True
217,0.9116665003690407,-0.9694519732670104,-0.24528120908194284,0,0,0,1,True
217,0.9379405399054447,-0.31740011602352985,-0.9482917095220488,0,0,0,1,True
217,0.9598388223310099,0.6264679441263539,-0.7794471854988634,0,0,0,1,True
217,0.9771425472463484,0.9943642655514137,0.10601748626711377,0,0,0,1,True
217,0.9896788215519585,0.44804666697426215,0.8940101700837942,0,0,0,1,True
217,0.9973223869389191,-0.510202970945957,0.8600540264645697,0,0,0,1,True
217,0.9999968714285103,-0.9993743503000143,0.035368177256176046,0,0,0,1,True
217,0.9976755524557795,-0.5697255608391865,-0.8218350110128397,0,0,0,1,True
217,0.9903816238725764,0.3837262818331512,-0.9234468802429867,0,0,0,1,True
217,0.9781879642022515,0.9843819506325049,-0.1760459464712114,0,0,0,1,True
217,0.9612164084615429,0.6800013937302882,0.7332108186087175,0,0,0,1,True
217,0.9396365308253621,-0.24956930858045798,0.9683569384347241,0,0,0,1,True
217,0.9136639502976893,-0.9496871395301657,0.3132001548706699,0,0,0,1,True
217,0.8835581763177651,-0.7766669941024745,-0.6299114066849614,0,0,0,1,True
217,0.8496200158275489,0.11041720391967796,-0.9938853259197261,0,0,0,1,True
217,0.8121885677081957,0.8959843338731037,-0.4440856600409099,0,0,0,1,True
217,0.7716378346161239,0.8577875993070563,0.5140043136735694,0,0,0,1,True
217,0.7283729860720964,0.030944901828293042,0.99952109184891,0,0,0,1,True
217,0.6828263101413107,-0.8243483956816764,0.5660827877060441,0,0,0,1,True
217,0.6354528941539346,-0.9217395798793158,-0.3878094208292295,0,0,0,1,True
217,0.586726077622946,-0.17168764515577298,-0.9851514363288851,0,0,0,1,True
217,0.5371327227921806,0.7362131187458456,-0.6767497645263835,0,0,0,1,True
217,0.48716835006972026,0.9672429364932829,0.253852519790234,0,0,0,1,True
217,0.43733218695178544,0.3089940590981371,0.9510639681125854,0,0,0,1,True
217,0.3881221799066018,-0.6333425312327234,0.7738715902084317,0,0,0,1,True
217,0.340030019057901,-0.9933869191569467,-0.11481475884166603,0,0,0,1,True
217,0.29353622537972995,-0.4401159548467677,-0.8979409481081247,0,0,0,1,True
217,0.24910534948971297,0.5177955886508133,-0.8555043707508208,0,0,0,1,True
217,0.20718133001285122,0.9996482558795381,-0.026521020285755953,0,0,0,1,True
217,0.16818305789351623,0.5624289267667438,0.8268456339220814,0,0,0,1,True
217,0.5499167083234141,0.5403023058681398,0.8414709848078965,0,0,0,1,True
217,0.5993346653975307,-0.4161468365471424,0.9092974268256817,0,0,0,1,True
217,0.6477601033306698,-0.9899924966004454,0.1411200080598672,0,0,0,1,True
217,0.6947091711543253,-0.6536436208636119,-0.7568024953079282,0,0,0,1,True
217,0.7397127693021015,0.28366218546322625,-0.9589242746631385,0,0,0,1,True
217,0.7823212366975176,0.960170286650366,-0.27941549819892586,0,0,0,1,True
217,0.8221088436188455,0.7539022543433046,0.6569865987187891,0,0,0,1,True
217,0.8586780454497613,-0.14550003380861354,0.9893582466233818,0,0,0,1,True
217,0.8916634548137417,-0.9111302618846769,0.4121184852417566,0,0,0,1,True
217,0.9207354924039483,-0.8390715290764524,-0.5440211108893698,0,0,0,1,True
217,0.9456036800307177,0.004425697988050785,-0.9999902065507035,0,0,0,1,True
217,0.9660195429836131,0.8438539587324921,-0.5365729180004349,0,0,0,1,True
217,0.9817790927085965,0.9074467814501962,0.4201670368266409,0,0,0,1,True
217,0.9927248649942301,0.1367372182078336,0.9906073556948704,0,0,0,1,True
217,0.9987474933020273,-0.7596879128588213,0.6502878401571168,0,0,0,1,True
217,0.9997868015207525,-0.9576594803233847,-0.2879033166650653,0,0,0,1,True
217,0.9958324052262343,-0.27516333805159693,-0.9613974918795568,0,0,0,1,True
217,0.9869238154390976,0.6603167082440802,-0.7509872467716762,0,0,0,1,True
217,0.9731500438437073,0.9887046181866692,0.14987720966295234,0,0,0,1,True
217,0.9546487134128409,0.40808206181339196,0.9129452507276277,0,0,0,1,True
217,0.9316046833244369,-0.5477292602242684,0.8366556385360561,0,0,0,1,True
217,0.904248201909795,-0.9999608263946371,-0.008851309290403876,0,0,0,1,True
217,0.8728526060883601,-0.5328330203333975,-0.8462204041751706,0,0,0,1,True
217,0.8377315902755755,0.424179007336997,-0.9055783620066238,0,0,0,1,True
217,0.7992360720519782,0.9912028118634736,-0.13235175009777303,0,0,0,1,True
217,0.7577506859107321,0.6469193223286404,0.7625584504796027,0,0,0,1,True
217,0.7136899401169149,-0.2921388087338362,0.956375928404503,0,0,0,1,True
217,0.6674940750779526,-0.9626058663135666,0.27090578830786904,0,0,0,1,True
217,0.6196246646069912,-0.7480575296890004,-0.6636338842129675,0,0,0,1,True
217,0.5705600040299336,0.15425144988758405,-0.9880316240928618,0,0,0,1,True
217,0.5207903312166452,0.9147423578045313,-0.404037645323065,0,0,0,1,True
217,0.5,1.0,0.0,0,0,0,1,True
217,0.5,1.0,0.0,0,0,0,1,True
217,0.5499167083234141,0.5403023058681398,0.8414709848078965,0,0,0,1,True
217,0.5993346653975307,-0.4161468365471424,0.9092974268256817,0,0,0,1,True
217,0.6477601033306698,-0.9899924966004454,0.1411200080598672,0,0,0,1,True
217,0.6947091711543253,-0.6536436208636119,-0.7568024953079282,0,0,0,1,True
217,0.7397127693021015,0.28366218546322625,-0.9589242746631385,0,0,0,1,True
217,0.7823212366975176,0.960170286650366,-0.27941549819892586,0,0,0,1,True
217,0.8221088436188455,0.7539022543433046,0.6569865987187891,0,0,0,1,True
217,0.8586780454497613,-0.14550003380861354,0.9893582466233818,0,0,0,1,True
217,0.8916634548137417,-0.9111302618846769,0.4121184852417566,0,0,0,1,True
217,0.9207354924039483,-0.8390715290764524,-0.5440211108893698,0,0,0,1,True
217,0.9456036800307177,0.004425697988050785,-0.9999902065507035,0,0,0,1,True
217,0.9660195429836131,0.8438539587324921,-0.5365729180004349,0,0,0,1,True
217,0.9817790927085965,0.9074467814501962,0.4201670368266409,0,0,0,1,True
217,0.9927248649942301,0.1367372182078336,0.9906073556948704,0,0,0,1,True
217,0.9987474933020273,-0.7596879128588213,0.6502878401571168,0,0,0,1,True
217,0.9997868015207525,-0.9576594803233847,-0.2879033166650653,0,0,0,1,True
217,0.9958324052262343,-0.27516333805159693,-0.9613974918795568,0,0,0,1,True
217,0.9869238154390976,0.6603167082440802,-0.7509872467716762,0,0,0,1,True
217,0.9731500438437073,0.9887046181866692,0.14987720966295234,0,0,0,1,True
217,0.9546487134128409,0.40808206181339196,0.9129452507276277,0,0,0,1,True
217,0.9316046833244369,-0.5477292602242684,0.8366556385360561,0,0,0,1,True
217,0.904248201909795,-0.9999608263946371,-0.008851309290403876,0,0,0,1,True
217,0.8728526060883601,-0.5328330203333975,-0.8462204041751706,0,0,0,1,True
217,0.8377315902755755,0.424179007336997,-0.9055783620066238,0,0,0,1,True
217,0.7992360720519782,0.9912028118634736,-0.13235175009777303,0,0,0,1,True
217,0.7577506859107321,0.6469193223286404,0.7625584504796027,0,0,0,1,True
217,0.7136899401169149,-0.2921388087338362,0.956375928404503,0,0,0,1,True
217,0.6674940750779526,-0.9626058663135666,0.27090578830786904,0,0,0,1,True
217,0.6196246646069912,-0.7480575296890004,-0.6636338842129675,0,0,0,1,True
217,0.5705600040299336,0.15425144988758405,-0.9880316240928618,0,0,0,1,True
217,0.5207903312166452,0.9147423578045313,-0.404037645323065,0,0,0,1,True
217,0.47081292828620996,0.8342233605065102,0.5514266812416906,0,0,0,1,True
217,0.4211271529283759,-0.013276747223059479,0.9999118601072672,0,0,0,1,True
217,0.3722294489865844,-0.8485702747846052,0.5290826861200238,0,0,0,1,True
217,0.32460838615519005,-0.9036922050915067,-0.428182669496151,0,0,0,1,True
217,0.2787397783525738,-0.12796368962740468,-0.9917788534431158,0,0,0,1,True
217,0.2350819295457533,0.7654140519453434,-0.6435381333569995,0,0,0,1,True
217,0.19407105452864054,0.9550736440472949,0.2963685787093853,0,0,0,1,True
217,0.15611692040801312,0.26664293235993725,0.9637953862840878,0,0,0,1,True
217,0.1215987523460359,-0.6669380616522619,0.7451131604793488,0,0,0,1,True
217,0.09086144446779487,-0.9873392775238264,-0.158622668804709,0,0,0,1,True
217,0.0642121137932059,-0.39998531498835127,-0.9165215479156338,0,0,0,1,True
217,0.04191703162527255,0.5551133015206257,-0.8317747426285983,0,0,0,1,True
217,0.02419896305524194,0.9998433086476912,0.017701925105413577,0,0,0,1,True
217,0.011234941167451495,0.5253219888177297,0.8509035245341184,0,0,0,1,True
217,0.0031544981832677954,-0.4321779448847783,0.9017883476488092,0,0,0,1,True
217,3.837121794958431e-05,-0.9923354691509287,0.123573122745224,0,0,0,1,True
217,0.0019176955820796593,-0.6401443394691997,-0.7682546613236668,0,0,0,1,True
217,0.008773693687833761,0.3005925437436371,-0.9537526527594719,0,0,0,1,True
217,0.020537862668430773,0.9649660284921133,-0.26237485370392877,0,0,0,1,True
217,0.037092658836133774,0.7421541968137826,0.6702291758433747,0,0,0,1,True
217,0.05827267213992343,-0.16299078079570548,0.9866275920404853,0,0,0,1,True
217,0.08386627888804937,-0.9182827862121189,0.39592515018183416,0,0,0,1,True
217,0.11361775622200643,-0.8293098328631502,-0.5587890488516163,0,0,0,1,True
217,0.14722983721480404,0.022126756261955736,-0.9997551733586199,0,0,0,1,True
217,0.1843666810638392,0.853220107722584,-0.5215510020869119,0,0,0,1,True
217,0.2246572287011812,0.8998668269691937,0.43616475524782494,0,0,0,1,True
217,0.2676989102931213,0.11918013544881928,0.9928726480845371,0,0,0,1,True
217,0.31306166758488196,-0.7710802229758452,0.6367380071391379,0,0,0,1,True
217,0.36029225090053707,-0.9524129804151563,-0.3048106211022167,0,0,0,1,True
217,0.40891874786395205,-0.25810163593826746,-0.9661177700083929,0,0,0,1,True
217,0.4584552985912518,0.6735071623235862,-0.7391806966492228,0,0,0,1,True
217,0.5084069502421749,0.9858965815825497,0.16735570030280691,0,0,0,1,True
217,0.5582746024252468,0.39185723042955,0.9200260381967907,0,0,0,1,True
217,0.6075599940439078,-0.562453851238172,0.8268286794901034,0,0,0,1,True
217,0.655770681756689,-0.99964745596635,-0.026551154023966794,0,0,0,1,True
217,0.7024249603082992,-0.5177697997895051,-0.8555199789753223,0,0,0,1,True
217,0.7470566755693041,0.4401430224960407,-0.8979276806892913,0,0,0,1,True
217,0.7892198821941001,0.9933903797222716,-0.11478481378318722,0,0,0,1,True
217,0.8284932993593945,0.6333192030862999,0.7738906815578891,0,0,0,1,True
217,0.864484520062938,-0.3090227281660707,0.9510546532543747,0,0,0,1,True
217,0.8968339319245766,-0.9672505882738824,0.25382336276203626,0,0,0,1,True
217,0.9252183103142821,-0.7361927182273159,-0.6767719568873076,0,0,0,1,True
217,0.9493540479058135,0.17171734183077755,-0.9851462604682474,0,0,0,1,True
217,0.9689999883873694,0.9217512697247493,-0.38778163540943045,0,0,0,1,True
217,0.9839598360157431,0.8243313311075577,0.5661076368981803,0,0,0,1,True
217,0.9940841169385002,-0.03097503173121646,0.9995201585807313,0,0,0,1,True
217,0.9992716726873025,-0.8578030932449878,0.5139784559875352,0,0,0,1,True
217,0.999470670919886,-0.8959709467909631,-0.4441126687075084,0,0,0,1,True
217,0.994679123311691,-0.11038724383904756,-0.9938886539233752,0,0,0,1,True
217,0.9849449054225432,0.7766859820216312,-0.6298879942744539,0,0,0,1,True
217,0.9703652783398866,0.9496776978825432,0.31322878243308516,0,0,0,1,True
217,0.9510859168781467,0.24954011797333814,0.9683644611001854,0,0,0,1,True
217,0.9272994540441403,-0.6800234955873388,0.7331903200732922,0,0,0,1,True
217,0.8992435563117451,-0.9843766433940419,-0.1760756199485871,0,0,0,1,True
217,0.8671985489370566,-0.38369844494974187,-0.9234584470040598,0,0,0,1,True
217,0.8314846150410917,0.569750334265312,-0.8218178366308225,0,0,0,1,True
217,0.7924585964458808,0.9993732836951247,0.03539830273366068,0,0,0,1,True
217,0.7505104282289423,0.5101770449416689,0.8600694058124532,0,0,0,1,True
217,0.7060592426208783,-0.4480736161291701,0.8939966636005579,0,0,0,1,True
217,0.6595491811746761,-0.9943674609282015,0.10598751175115685,0,0,0,1,True
217,0.6114449570501238,-0.626444447910339,-0.7794660696158047,0,0,0,1,True
217,0.5622272117535309,0.31742870151970165,-0.9482821412699473,0,0,0,1,True
217,0.5123877127266789,0.9694593666699876,-0.24525198546765434,0,0,0,1,True
217,0.46242443976909536,0.7301735609948197,0.683261714736121,0,0,0,1,True
217,0.4128366093885102,-0.18043044929108396,0.9835877454343449,0,0,0,1,True
217,0.3641196867945288,-0.9251475365964139,0.3796077390275217,0,0,0,1,True
217,0.3167604353740358,-0.8192882452914593,-0.5733818719904229,0,0,0,1,True
217,0.27123205311233933,0.0398208803931389,-0.9992068341863537,0,0,0,1,True
217,0.2279894445553151,0.8623188722876839,-0.5063656411097588,0,0,0,1,True
217,0.18746467555355895,0.8920048697881602,0.45202578717835057,0,0,0,1,True
217,0.15006265620322884,0.10158570369662134,0.9948267913584063,0,0,0,1,True
217,0.11615709511820876,-0.7822308898871159,0.6229886314423488,0,0,0,1,True
217,0.08608676545717314,-0.9468680107512125,-0.32162240316253093,0,0,0,1,True
217,0.06015212001416498,-0.24095904923620143,-0.9705352835374847,0,0,0,1,True
217,0.03861228919359666,0.6864865509069841,-0.7271425000808526,0,0,0,1,True
217,0.02168249186490606,0.9827795820412206,0.18478174456066745,0,0,0,1,True
217,0.009531884966754223,0.3755095977670121,0.926818505417785,0,0,0,1,True
217,0.0022818733468112917,-0.577002178942952,0.8167426066363169,0,0,0,1,True
217,4.896724648262296e-06,-0.999020813314648,-0.044242678085070965,0,0,0,1,True
217,0.002723705898005413,-0.5025443191453852,-0.8645514486106083,0,0,0,1,True
217,0.0104111354243413,0.4559691044442761,-0.8899956043668333,0,0,0,1,True
217,0.022990375048955514,0.9952666362171313,-0.09718190589320902,0,0,0,1,True
217,0.040335737167662145,0.6195206125592099,0.7849803886813105,0,0,0,1,True
217,0.062273912655785746,-0.3258098052199642,0.9454353340247703,0,0,0,1,True
217,0.08858570251564557,-0.9715921906288022,0.23666139336428604,0,0,0,1,True
217,0.11900820804048334,-0.7240971967004738,-0.689697940935389,0,0,0,1,True
217,0.1532374576114388,0.1891294205289584,-0.9819521690440836,0,0,0,1,True
217,0.19093144388148336,0.9284713207390763,-0.3714041014380902,0,0,0,1,True
217,0.23171354099978253,0.8141809705265618,0.5806111842123143,0,0,0,1,True
217,0.27517626773269926,-0.04866360920015389,0.9988152247235795,0,0,0,1,True
217,0.32088535888158565,-0.8667670910519801,0.4987131538963941,0,0,0,1,True
217,0.36838410431709956,-0.8879689066918555,-0.45990349068959124,0,0,0,1,True
217,0.4171979122758453,-0.09277620459766088,-0.9956869868891794,0,0,0,1,True
217,0.4668390513243997,0.7877145121442345,-0.6160404591886565,0,0,0,1,True
217,0.5168115236105684,0.9439841391523142,0.329990825673782,0,0,0,1,True
217,0.5666160207099711,0.23235910202965793,0.972630067242408,0,0,0,1,True
217,0.6157549125507695,-0.6928958219201651,0.7210377105017316,0,0,0,1,True
217,0.6637372195688465,-0.9811055226493881,-0.19347339203846847,0,0,0,1,True
217,0.7100835184133205,-0.3672913304546965,-0.9301059501867618,0,0,0,1,True
217,0.7543307321861868,0.5842088171092893,-0.8116033871367005,0,0,0,1,True
217,0.7960367573536116,0.9985900724399912,0.05308358714605824,0,0,0,1,True
217,0.8347848810983012,0.4948722204034305,0.8689657562142357,0,0,0,1,True
217,0.8701879449762243,-0.4638288688518717,0.8859248164599484,0,0,0,1,True
217,0.9018922132758105,-0.9960878351411849,0.08836868610400143,0,0,0,1,True
217,0.929580907428248,-0.6125482394960996,-0.7904332067228887,0,0,0,1,True
217,0.9529773711542309,0.33416538263076073,-0.9425144545582509,0,0,0,1,True
217,0.9718478347220524,0.9736488930495181,-0.2280522595008612,0,0,0,1,True
217,0.9860037506974879,0.717964101410472,0.6960801312247415,0,0,0,1,True
217,0.9953036778474351,-0.19781357400426822,0.9802396594403116,0,0,0,1,True
217,0.9996546943739588,-0.9317223617435201,0.363171365373259,0,0,0,1,True
217,0.9990133263581809,-0.8090099069535975,-0.5877950071674065,0,0,0,1,True
217,0.9933859821373067,0.05750252534912421,-0.9983453608739179,0,0,0,1,True
217,0.9828288882746388,0.8711474010323434,-0.49102159389846933,0,0,0,1,True
217,0.9674475277623416,0.8838633737085002,0.4677451620451334,0,0,0,1,True
217,0.9473955860702521,0.08395943674184847,0.9964691731217737,0,0,0,1,True
217,0.9228734155714671,-0.7931364191664784,0.6090440218832924,0,0,0,1,True
217,0.8941260336876582,-0.9410263090291437,-0.3383333943242765,0,0,0,1,True
217,0.861440674755988,-0.22374095013558368,-0.9746486480944947,0,0,0,1,True
217,0.8251439200785584,0.6992508064783751,-0.7148764296291646,0,0,0,1,True
217,0.7855984348299943,0.9793545963764285,0.20214988141565363,0,0,0,1,True
217,0.7431993444268998,0.35904428689111606,0.933320523748862,0,0,0,1,True
217,0.6983702865653061,-0.5913696841443247,0.8064005807754863,0,0,0,1,True
217,0.6515591783728512,-0.9980810948185003,-0.06192033725605731,0,0,0,1,True
217,0.6032337409688983,-0.48716134980334147,-0.8733119827746476,0,0,0,1,True
217,0.553876826149722,0.47165229356133864,-0.8817846188147811,0,0,0,1,True
217,0.5039815918929687,0.9968309933617175,-0.0795485428747221,0,0,0,1,True
217,0.4540465748861592,0.6055278749869898,0.7958240965274552,0,0,0,1,True
217,0.4045707093129053,-0.34249477911590703,0.9395197317131483,0,0,0,1,True
217,0.35604834166746735,-0.9756293127952373,0.21942525837900473,0,0,0,1,True
217,0.3089642914079954,-0.7117747556357236,-0.702407785577371,0,0,0,1,True
217,0.2637890068007669,0.20648222933781113,-0.9784503507933796,0,0,0,1,True
217,0.22097386435661032,0.9349004048997503,-0.35491017584493534,0,0,0,1,True
217,0.18094665882602629,0.803775459710974,0.5949327780232085,0,0,0,1,True
217,0.14410732881543847,-0.06633693633562374,0.9977972794498907,0,0,0,1,True
217,0.11082396073285078,-0.875459459043705,0.48329156372825655,0,0,0,1,True
217,0.08142911099012662,-0.8796885924951523,-0.47555018687189876,0,0,0,1,True
217,0.056216483209247714,-0.07513609089835323,-0.9971732887740798,0,0,0,1,True
217,0.0354379936328158,0.7984961861625556,-0.6019998676776046,0,0,0,1,True
217,0.019301254060221595,0.9379947521194415,0.3466494554970303,0,0,0,1,True
217,0.007967497459178297,0.21510526876214117,0.9765908679435658,0,0,0,1,True
217,0.0015499669792019555,-0.7055510066862999,0.7086591401823227,0,0,0,1,True
217,0.00011278446349444193,-0.9775269404025313,-0.2108105329134813,0,0,0,1,True
217,0.0036703097646834104,-0.3507691132091307,-0.9364619742512132,0,0,0,1,True
217,0.012186997265921207,0.5984842190140996,-0.8011345951780408,0,0,0,1,True
217,0.025577751040938013,0.9974939203271522,0.07075223608034517,0,0,0,1,True
217,0.04370877510440774,0.47941231147032193,0.8775897877771157,0,0,0,1,True
217,0.06639891025720934,-0.4794387656291727,0.8775753358042688,0,0,0,1,True
217,0.09342144416925574,-0.9974960526543551,0.07072216723899125,0,0,0,1,True
217,0.12450637661416192,-0.5984600690578581,-0.8011526357338304,0,0,0,1,True
217,0.15934311722225003,0.3507973420904214,-0.936451400117644,0,0,0,1,True
217,0.19758358879685795,0.9775332947055968,-0.21078106590019152,0,0,0,1,True
217,0.23884570518663423,0.7055296442942061,0.7086804082392084,0,0,0,1,True
217,0.2827171889640516,-0.21513470736462095,0.9765843832906294,0,0,0,1,True
217,0.32875969076519374,-0.9380052012169503,0.346621180094276,0,0,0,1,True
217,0.37651316913168953,-0.7984780389030323,-0.6020239375552833,0,0,0,1,True
217,0.4255004870929006,0.07516615000819327,-0.997171023392149,0,0,0,1,True
217,0.4752321795608163,0.879702927248347,-0.47552366901205834,0,0,0,1,True
217,0.5252113439034056,0.8754448901342752,0.48331795366796265,0,0,0,1,True
217,0.5749386048314762,0.06630685835171127,0.9977992786806003,0,0,0,1,True
217,0.6239171039914799,-0.8037933932096717,0.594908548461427,0,0,0,1,True
217,0.6716574644099477,-0.9348897059372352,-0.3549383576518463,0,0,0,1,True
217,0.7176826801864467,-0.20645273449087873,-0.9784565746221131,0,0,0,1,True
217,0.7615328825788482,0.711795928940826,-0.7023863292684921,0,0,0,1,True
217,0.8027699348598005,0.9756226979194443,0.21945466799406363,0,0,0,1,True
217,0.8409818100340678,0.3424664577455166,0.9395300555699313,0,0,0,1,True
217,0.8757867076760741,-0.6055518643146514,0.7958058429196471,0,0,0,1,True
217,0.9068368687535526,-0.9968285949694307,-0.07957859166428352,0,0,0,1,True
217,0.9338220503208337,-0.47162571251991114,-0.8817988360675502,0,0,0,1,True
217,0.9564726253638138,0.4871876750070059,-0.8732972972139946,0,0,0,1,True
217,0.9745622768239472,0.9980829609135574,-0.06189025071872073,0,0,0,1,True
217,0.9879102588834878,0.591345375451585,0.8064184068658304,0,0,0,1,True
217,0.9963832029179536,-0.35907242107165305,0.9333097001669604,0,0,0,1,True
217,0.9998964500713345,-0.9793606896089245,0.2021203593127912,0,0,0,1,True
217,0.9984148971393996,-0.6992292566729736,-0.7148975077677643,0,0,0,1,True
217,0.9919533473093081,0.22377033018717848,-0.97464190312541,0,0,0,1,True
217,0.9805763622510583,0.9410365074429887,-0.3383050275409778,0,0,0,1,True
217,0.9643976170386201,0.7931180595679168,0.6090679301910603,0,0,0,1,True
217,0.9435787643461755,-0.08398947462256867,0.9964666417661079,0,0,0,1,True
217,0.918327819268028,-0.8838774731823718,0.46771851834275896,0,0,0,1,True
217,0.8888970809005464,-0.8711325991081119,-0.491047853850463,0,0,0,1,True
217,0.8555806114529912,-0.057472430847665464,-0.9983470937967718,0,0,0,1,True
217,0.8187112980751194,0.8090276252864301,-0.5877706198198406,0,0,0,1,True
217,0.7786575267588307,0.9317114137542325,0.36319945137636067,0,0,0,1,True
217,0.7358195015470981,0.19778402522372224,0.9802456219572225,0,0,0,1,True
217,0.6906252458274701,-0.7179850839697136,0.6960584883449115,0,0,0,1,True
217,0.6435263256638643,-0.9736420181192547,-0.22808160941352784,0,0,0,1,True
217,0.5949933378977189,-0.33413697099017103,-0.9425245273294025,0,0,0,1,True
217,0.5455112080999239,0.6125720663156844,-0.7904147414931815,0,0,0,1,True
217,0.49557434535479805,0.9960851708717215,0.08839871248753149,0,0,0,1,True
217,0.4456817022879601,0.4638021630104179,0.8859387978787574,0,0,0,1,True
217,0.39633178969662064,-0.49489841458940237,0.8689508382163493,0,0,0,1,True
217,0.3480176955944765,-0.9985916721566993,0.05305348526993529,0,0,0,1,True
217,0.30122215843928357,-0.5841843515845697,-0.8116209973649745,0,0,0,1,True
217,0.2564127437697452,0.36731936773024515,-0.9300948780045254,0,0,0,1,True
217,0.21403717244521808,0.9811113543339269,-0.19344381715900788,0,0,0,1,True
217,0.17451884716687655,0.6928740863898232,0.7210585970706318,0,0,0,1,True
217,0.13825262197787752,-0.23238842122852268,0.9726230624856244,0,0,0,1,True
217,0.10560085701229177,-0.9439940860834779,0.32996236973239734,0,0,0,1,True
217,0.07688979791241468,-0.787695941645058,-0.6160642040533645,0,0,0,1,True
217,0.05240631609015911,0.09280621889587708,-0.9956841897581032,0,0,0,1,True
217,0.032395042402730556,0.8879827697817493,-0.4598767232321427,0,0,0,1,True
217,0.01705592288196478,0.8667520572726362,0.49873928180328125,0,0,0,1,True
217,0.006542220939675603,0.048633500538969116,0.9988166912028082,0,0,0,1,True
217,0.0009589860103018655,-0.8141984723053474,0.5805866409896446,0,0,0,1,True
217,0.0003620039316861723,-0.9284601245807608,-0.37143208943692263,0,0,0,1,True
217,0.004757239551421766,-0.18909982012986337,-0.9819578697820255,0,0,0,1,True
217,0.014100777128068342,0.7241179868699296,-0.6896761131802671,0,0,0,1,True
217,0.028299259122722242,0.9715850561826999,0.2366906812750767,0,0,0,1,True
217,0.04721081899668811,0.32578130553514806,0.9454451549211168,0,0,0,1,True
217,0.07064649869503525,-0.6195442750039529,0.7849617132764033,0,0,0,1,True
217,0.09837213665302263,-0.9952637062792294,-0.09721190751822432,0,0,0,1,True
217,0.1301107074610533,-0.4559422758951242,-0.8900093488562771,0,0,0,1,True
217,0.16554508981098787,0.5025703802614231,-0.8645362993442719,0,0,0,1,True
217,0.20432123506743782,0.9990221465276736,-0.04421256322855966,0,0,0,1,True
217,0.24605170480468896,0.5769775585030581,0.8167599996228085,0,0,0,1,True
217,0.29031954196338433,-0.3755375359409301,0.9268071855026884,0,0,0,1,True
217,0.3366824369476389,-0.982785151720906,0.184752119221718,0,0,0,1,True
217,0.3846771470363022,-0.68646463135462,-0.727163193443649,0,0,0,1,True
217,0.4338241249511135,0.24098830528525864,-0.9705280195418053,0,0,0,1,True
217,0.4836323103345773,0.9468777054203809,-0.3215938602925038,0,0,0,1,True
217,0.5336040362627374,0.7822121099422712,0.623012211003653,0,0,0,1,True
217,0.5832400017685796,-0.10161569206079699,0.9948237286710673,0,0,0,1,True
217,0.6320442606922347,-0.8920184954079421,0.45199889806298343,0,0,0,1,True
217,0.6795291770110842,-0.8623036078310824,-0.5063916349244909,0,0,0,1,True
217,0.7252202971376946,-0.03979075993115771,-0.9992080341070627,0,0,0,1,True
217,0.7686610905032358,0.8193055291449822,-0.5733571748155426,0,0,0,1,True
217,0.8094175110600197,0.9251360931462582,0.37963562682930313,0,0,0,1,True
217,0.847082334126121,0.18040079959254857,0.9835931839466808,0,0,0,1,True
217,0.8812792252398014,-0.7301941571456378,0.6832397038158508,0,0,0,1,True
217,0.9116665003690407,-0.9694519732670104,-0.24528120908194284,0,0,0,1,True
217,0.9379405399054447,-0.31740011602352985,-0.9482917095220488,0,0,0,1,True
217,0.9598388223310099,0.6264679441263539,-0.7794471854988634,0,0,0,1,True
217,0.9771425472463484,0.9943642655514137,0.10601748626711377,0,0,0,1,True
217,0.9896788215519585,0.44804666697426215,0.8940101700837942,0,0,0,1,True
217,0.9973223869389191,-0.510202970945957,0.8600540264645697,0,0,0,1,True
217,0.9999968714285103,-0.9993743503000143,0.035368177256176046,0,0,0,1,True
217,0.9976755524557795,-0.5697255608391865,-0.8218350110128397,0,0,0,1,True
217,0.9903816238725764,0.3837262818331512,-0.9234468802429867,0,0,0,1,True
217,0.9781879642022515,0.9843819506325049,-0.1760459464712114,0,0,0,1,True
217,0.9612164084615429,0.6800013937302882,0.7332108186087175,0,0,0,1,True
217,0.9396365308253621,-0.24956930858045798,0.9683569384347241,0,0,0,1,True
217,0.9136639502976893,-0.9496871395301657,0.3132001548706699,0,0,0,1,True
217,0.8835581763177651,-0.7766669941024745,-0.6299114066849614,0,0,0,1,True
217,0.8496200158275489,0.11041720391967796,-0.9938853259197261,0,0,0,1,True
217,0.8121885677081957,0.8959843338731037,-0.4440856600409099,0,0,0,1,True
217,0.7716378346161239,0.8577875993070563,0.5140043136735694,0,0,0,1,True
217,0.7283729860720964,0.030944901828293042,0.99952109184891,0,0,0,1,True
217,0.6828263101413107,-0.8243483956816764,0.5660827877060441,0,0,0,1,True
217,0.6354528941539346,-0.9217395798793158,-0.3878094208292295,0,0,0,1,True
217,0.586726077622946,-0.17168764515577298,-0.9851514363288851,0,0,0,1,True
217,0.5371327227921806,0.7362131187458456,-0.6767497645263835,0,0,0,1,True
217,0.48716835006972026,0.9672429364932829,0.253852519790234,0,0,0,1,True
217,0.43733218695178544,0.3089940590981371,0.9510639681125854,0,0,0,1,True
217,0.3881221799066018,-0.6333425312327234,0.7738715902084317,0,0,0,1,True
217,0.340030019057901,-0.9933869191569467,-0.11481475884166603,0,0,0,1,True
217,0.29353622537972995,-0.4401159548467677,-0.8979409481081247,0,0,0,1,True
217,0.24910534948971297,0.5177955886508133,-0.8555043707508208,0,0,0,1,True
217,0.20718133001285122,0.9996482558795381,-0.026521020285755953,0,0,0,1,True
217,0.16818305789351623,0.5624289267667438,0.8268456339220814,0,0,0,1,True
217,0.13250019097561117,-0.3918849638415085,0.9200142254959646,0,0,0,1,True
217,0.10048926067019315,-0.9859016259639831,0.16732598101183924,0,0,0,1,True
217,0.07247010961146488,-0.6734848798934681,-0.739200998751274,0,0,0,1,True
217,0.0487226958949073,0.2581307588164473,-0.9661099892625297,0,0,0,1,True
217,0.029484295828523244,0.9524221683015063,-0.30478191109030295,0,0,0,1,True
217,0.014947133146407332,0.7710610285700272,0.6367612505645516,0,0,0,1,True
217,0.00525645837273242,-0.11921006489861569,0.992869055025318,0,0,0,1,True
217,0.0005090975265252817,-0.8998799744648526,0.43613762914604876,0,0,0,1,True
217,0.00075248466809269,-0.8532043855172293,-0.5215767216183704,0,0,0,1,True
217,0.005984187953569087,-0.022096619278683942,-0.9997558399011495,0,0,0,1,True
217,0.016151933933097384,0.8293266768209027,-0.5587640495890891,0,0,0,1,True
217,0.031154129849859435,0.9182708508872743,0.39595283104274065,0,0,0,1,True
217,0.050840878721322647,0.1629610394708834,0.9866325048439105,0,0,0,1,True
217,0.07501547706033596,-0.7421744001016999,0.6702068037805061,0,0,0,1,True
217,0.10343638027135743,-0.9649581189333869,-0.2624039418616639,0,0,0,1,True
217,0.1358196160842033,-0.3005637933500832,-0.9537617134939987,0,0,0,1,True
217,0.1718416219111048,0.6401674977183369,-0.7682353642374471,0,0,0,1,True
217,0.21114247777713413,0.9923317436681922,0.12360303600011291,0,0,0,1,True
217,0.25332950252161085,0.43215076086181514,0.9018013749637745,0,0,0,1,True
217,0.2979811773384675,-0.5253476385155728,0.8508876886558596,0,0,0,1,True
217,0.3446513574528139,-0.9998438418065069,0.01767178546737087,0,0,0,1,True
217,0.39287372985205615,-0.5550882279566576,-0.8317914757822045,0,0,0,1,True
217,0.4421664725313815,0.4000129427560235,-0.9165094902005468,0,0,0,1,True
217,0.4920370686999491,0.987344058653017,-0.15859290602857282,0,0,0,1,True
217,0.5419872278458734,0.6669156003948422,0.7451332645574127,0,0,0,1,True
217,0.591517864490294,-0.2666719852274808,0.9637873480674221,0,0,0,1,True
217,0.6401340848845097,-0.955082577452527,0.2963397884973224,0,0,0,1,True
217,0.687350131824731,-0.7653946525566921,-0.6435612059762619,0,0,0,1,True
217,0.7326942381774777,0.12799358610147818,-0.9917749956098326,0,0,0,1,True
217,0.7757133406208453,0.903705111970614,-0.42815542808445156,0,0,0,1,True
217,0.8159776065034425,0.8485543255436181,0.5291082654818533,0,0,0,1,True
217,0.8530847285901673,0.01324660552058789,0.9999122598719259,0,0,0,1,True
217,0.8866639447831104,-0.8342399825282196,0.551401533867395,0,0,0,1,True
217,0.9163797426538899,-0.9147301779353751,-0.4040652194563607,0,0,0,1,True
217,0.9419352117729154,-0.15422166624309427,-0.9880362734541701,0,0,0,1,True
217,0.9630750103402643,0.7480775341634341,-0.6636113342009432,0,0,0,1,True
217,0.9795879164765402,0.9625976995964054,0.2709348053161655,0,0,0,1,True
217,0.9913089386820697,0.2921099792671752,0.9563847343054627,0,0,0,1,True
217,0.9981209643774318,-0.6469423088661069,0.7625389491684939,0,0,0,1,True
217,0.9999559300536336,-0.9911988217552068,-0.13238162920545193,0,0,0,1,True
217,0.9967955013401975,-0.424151709070136,-0.9055911481970673,0,0,0,1,True
217,0.9886712561961293,0.5328585288581931,-0.8462043418838515,0,0,0,1,True
217,0.9756643693933913,0.9999610927573088,-0.008821166113885877,0,0,0,1,True
217,0.9579048014454095,0.5477040395322043,0.8366721491002946,0,0,0,1,True
217,0.9355700000845881,-0.40810958177221934,0.9129329489429682,0,0,0,1,True
217,0.908883127263221,-0.9887091356890289,0.14984740573347818,0,0,0,1,True
217,0.8781108293930315,-0.660294069919136,-0.7510071512506543,0,0,0,1,True
217,0.8435605731023721,0.2751923186322931,-0.9613891968218607,0,0,0,1,True
217,0.805577573131298,0.9576681585475916,-0.2878744485084861,0,0,0,1,True
217,0.7645413430600119,0.7596683100072248,0.6503107401625525,0,0,0,1,True
217,0.7208619033346119,-0.13676707936387883,0.9906032333897737,0,0,0,1,True
217,0.6749756844783311,-0.907459446701534,0.4201396822393068,0,0,0,1,True
217,0.6273411664220175,-0.8438377837054513,-0.5365983551885637,0,0,0,1,True
217,0.5784342975242049,-0.004395553927897717,-0.9999903395061709,0,0,0,1,True
217,0.5287437390524623,0.8390879278598296,-0.5439958173735323,0,0,0,1,True
217,0.47876598264152426,0.911117838425468,0.412145950487085,0,0,0,1,True
217,0.4290003895129991,0.14547021017792156,0.9893626321783087,0,0,0,1,True
217,0.37994420102311277,-0.7539220584369601,0.6569638725243396,0,0,0,1,True
217,0.33208757039142905,-0.9601618634146094,-0.27944444178438205,0,0,0,1,True
217,0.2859086652519245,-0.28363327918216646,-0.9589328250406132,0,0,0,1,True
217,0.24186888996003653,0.6536664338884767,-0.7567827912998033,0,0,0,1,True
217,0.20040827539286737,0.9899882421792622,0.14114985067939137,0,0,0,1,True
217,0.16194108230611787,0.4161194261751267,0.9093099708898409,0,0,0,1,True
217,0.12685166217754185,-0.540327671221366,0.8414546973619527,0,0,0,1,True
217,0.09549061689404675,-0.999999999545659,-3.014435335948845e-05,0,0,0,1,True
217,0.06817129565352198,-0.5402769400239504,-0.8414872714892108,0,0,0,1,True
217,0.045166664083235886,0.4161742465410129,-0.9092848819352602,0,0,0,1,True
217,0.02670657685751976,0.9899967501220404,-0.14109016531210986,0,0,0,1,True
217,0.012975481065836791,0.6536208072447929,0.7568221986283603,0,0,0,1,True
217,0.004110573278442109,-0.2836910914865273,0.9589157234143065,0,0,0,1,True
217,0.0002004287235985447,-0.9601787090136331,0.2793865543595699,0,0,0,1,True
217,0.0012841162731760392,-0.7538824495645917,-0.6570093243162466,0,0,0,1,True
217,0.007350808079398086,0.14552985730709223,-0.9893538601694428,0,0,0,1,True
217,0.018339887763119567,0.9111426845159583,-0.41209101962194344,0,0,0,1,True
217,0.03414155607264724,0.8390551295306261,0.5440464039108651,0,0,0,1,True
217,0.054597927961569315,-0.004455842044182302,0.9999900726865629,0,0,0,1,True
217,0.07950461012394922,-0.8438701329927379,0.5365474803247321,0,0,0,1,True
217,0.10861274322467279,-0.9074341153742778,-0.42019439103217676,0,0,0,1,True
217,0.14163148841967127,-0.1367073569275377,-0.9906114770998198,0,0,0,1,True
217,0.17823093332150025,0.759707515020103,-0.6502649395607762,0,0,0,1,True
217,0.21804538837486875,0.9576508012289697,0.28793218456003195,0,0,0,1,True
217,0.2606770407057925,0.27513435722086477,0.9614057860636483,0,0,0,1,True
217,0.30569992893632836,-0.6603393459690063,0.7509673416102893,0,0,0,1,True
217,0.3526641992498712,-0.9887000997858916,-0.14990701345623575,0,0,0,1,True
217,0.40110060018176885,-0.40805454148374776,-0.9129575516827102,0,0,0,1,True
217,0.45052517122485525,0.5477544804186207,-0.8366391272115635,0,0,0,1,True
217,0.5004440784028588,0.9999605591233189,0.00888145245887885,0,0,0,1,True
217,0.5503585484962503,0.5328075113244262,0.8462364656975445,0,0,0,1,True
217,0.5997698526193938,-0.42420630521841407,0.9055655749932976,0,0,0,1,True
217,0.6481842893546926,-0.9912068010710522,0.13232187086982847,0,0,0,1,True
217,0.6951181176539731,-0.6468963352033299,-0.7625779510977885,0,0,0,1,True
217,0.7401023902191295,0.29216763793503586,-0.9563671216345017,0,0,0,1,True
217,0.7826876390685115,0.9626140321560251,-0.27087677105340535,0,0,0,1,True
217,0.8224483664724337,0.7480375245348201,0.6636564336219596,0,0,0,1,True
217,0.858987296385822,-0.1542812333919083,0.9880269738337468,0,0,0,1,True
217,0.8919393438991465,-0.9147545368424774,0.4040100708226276,0,0,0,1,True
217,0.9209752630461525,-0.8342067377267571,-0.5514518281149147,0,0,0,1,True
217,0.9458049365207204,0.013306888913466725,-0.9999114594340064,0,0,0,1,True
217,0.9661802744330945,0.8485862232545117,-0.5290571062774264,0,0,0,1,True
217,0.9818976931420439,0.9036792973912307,0.42820991051876856,0,0,0,1,True
217,0.9928001493953165,0.12793379303705288,0.9917827103751873,0,0,0,1,True
217,0.9987787094539026,-0.7654334506384766,0.6435150601529656,0,0,0,1,True
217,0.9997736375219459,-0.9550647097742044,-0.2963973686521434,0,0,0,1,True
217,0.9957749926070705,-0.26661387925010005,-0.9638034236249698,0,0,0,1,True
217,0.986822727847489,0.6669605223036468,-0.745093055724214,0,0,0,1,True
217,0.9730062913134541,0.9873344954974584,0.15865243143670757,0,0,0,1,True
217,0.9544637322717069,0.3999576868572196,0.916533604797894,0,0,0,1,True
217,0.9313803218428394,-0.5551383745801722,0.8317580087191733,0,0,0,1,True
217,0.9039867018334926,-0.9998427745803359,-0.017732064727370864,0,0,0,1,True
217,0.8725565802396744,-0.525296338642536,-0.8509193596391765,0,0,0,1,True
217,0.8374039964469334,0.4322051285150291,-0.9017753195144049,0,0,0,1,True
217,0.7988801834526273,0.9923391937319478,-0.12354320937804643,0,0,0,1,True
217,0.7573700584619191,0.6401211806383749,0.7682739577117872,0,0,0,1,True
217,0.7132883769222866,-0.3006212938640479,0.953743591158287,0,0,0,1,True
217,0.6670755884242103,-0.9649739371739923,0.26234576530777837,0,0,0,1,True
217,0.619193435874446,-0.742133992851483,-0.6702515472972181,0,0,0,1,True
217,0.5701203419135358,0.16302052197242078,-0.9866226783405293,0,0,0,1,True
217,0.5203466286749324,0.9182947207025364,-0.39589746896115763,0,0,0,1,True
217,0.47036961864830684,0.8292929881518187,0.5588140476063818,0,0,0,1,True
217,0.4206886655976455,-0.022156893225121342,0.9997545059076306,0,0,0,1,True
217,0.371800165183491,-0.8532358291526332,0.5215252820815293,0,0,0,1,True
217,0.3241925951415918,-0.8998536786558422,-0.43619188095326605,0,0,0,1,True
217,0.2783416345748396,-0.11915020589072603,-0.9928762402415507,0,0,0,1,True
217,0.23470541112489818,0.7710994166809965,-0.6367147631351318,0,0,0,1,True
217,0.19371992351226508,0.9524037916633658,0.30483933083715453,0,0,0,1,True
217,0.1557946851811648,0.25807251282555527,0.9661255498763623,0,0,0,1,True
217,0.12130863257658464,-0.6735294441417006,0.7391603938754915,0,0,0,1,True
217,0.09060633893657821,-0.9858915363052498,-0.1673854194417015,0,0,0,1,True
217,0.06399457143036313,-0.39182949666151784,-0.9200378500616057,0,0,0,1,True
217,0.04173922604218311,0.5624787751985085,-0.8268117243068012,0,0,0,1,True
217,0.024062670826517696,0.9996466551448001,0.02658128773805108,0,0,0,1,True
217,0.011141524079989529,0.5177440104577087,0.8555355864224281,0,0,0,1,True
217,0.003104889629727159,-0.44017008974536365,0.8979144124545271,0,0,0,1,True
217,3.3066870598175147e-05,-0.9933938393849207,0.1147548686204055,0,0,0,1,True
217,0.0019567484402029933,-0.6332958743643904,-0.773909772204126,0,0,0,1,True
217,0.008856713548182737,0.3090513969532009,-0.9510453375319575,0,0,0,1,True
217,0.020664020024003693,0.9672582391755589,-0.2537942055031938,0,0,0,1,True
217,0.03726069316433467,0.7361723170398212,0.6767941486332613,0,0,0,1,True
217,0.0584809044972906,-0.17174703834974567,0.9851410837124249,0,0,0,1,True
217,0.08411262868570085,-0.921762958732604,0.38775384963726117,0,0,0,1,True
217,0.11389976201419638,-0.824314265784384,-0.5661324855759046,0,0,0,1,True
217,0.14754468129287596,0.03100516160599342,-0.9995192244043064,0,0,0,1,True
217,0.184711217609836,0.8578185864034492,-0.5139525978344581,0,0,0,1,True
217,0.22502801521982613,0.8959575588946699,0.4441396769705497,0,0,0,1,True
217,0.26809224200808635,0.11035728365811025,0.9938919810238954,0,0,0,1,True
217,0.31347361445568894,-0.7767049692350272,0.6298645812915785,0,0,0,1,True
217,0.36071869689022484,-0.9496682553719656,-0.31325740971087507,0,0,0,1,True
217,0.40935543206515257,-0.24951092713946563,-0.9683719828857112,0,0,0,1,True
217,0.4588978577997783,0.6800455968264643,-0.73316982087163,0,0,0,1,True
217,0.5088509625527068,0.9843713352610934,0.176105293265966,0,0,0,1,True
217,0.5587156314135479,0.3836706077176726,0.9234700129260028,0,0,0,1,True
217,0.607993633094112,-0.5697751071737155,0.8218006615020342,0,0,0,1,True
217,0.6561925980907454,-0.9993722161821225,-0.035428428178979524,0,0,0,1,True
217,0.702830938277668,-0.510151118473792,-0.860084784378807,0,0,0,1,True
217,0.7474426587763141,0.44810056487692174,-0.8939831563049628,0,0,0,1,True
217,0.7895820140221355,0.9943706554014256,-0.10595753713889097,0,0,0,1,True
217,0.8288279615069347,0.6264209511250854,0.7794849530244592,0,0,0,1,True
217,0.8647883686964267,-0.3174572867274317,0.9482725721561587,0,0,0,1,True
217,0.8971039310889095,-0.9694667591920345,0.2452227616305097,0,0,0,1,True
217,0.9254517622670593,-0.7301529641805058,-0.6832837250355235,0,0,0,1,True
217,0.949548620072291,0.18046009882566544,-0.9835823060282404,0,0,0,1,True
217,0.9691537366667772,0.9251589792059046,-0.3795798508807975,0,0,0,1,True
217,0.9840712242060947,0.8192709606934638,0.5734065686442813,0,0,0,1,True
217,0.9941520320858185,-0.03985100081893557,0.9992056333576834,0,0,0,1,True
217,0.9992954362058852,-0.8623341359607118,0.5063396468349013,0,0,0,1,True
217,0.9994500453725106,-0.8919912433578294,-0.45205267588297,0,0,0,1,True
217,0.9946143147820086,-0.1015557152401366,-0.9948298531417643,0,0,0,1,True
217,0.9848365614559604,0.7822496691211615,-0.6229650513149461,0,0,0,1,True
217,0.970214481473503,0.9468583152216423,0.32165094574030556,0,0,0,1,True
217,0.9508941738244046,0.24092979296818903,0.970542546651256,0,0,0,1,True
217,0.9270686806362504,-0.6865084698355503,0.7271218060573148,0,0,0,1,True
217,0.8989760583613154,-0.9827740114685011,-0.18481136973170906,0,0,0,1,True
217,0.866896999195187,-0.3754816592518752,-0.9268298244906983,0,0,0,1,True
217,0.8311520264931214,0.5770267988585345,-0.816725212907666,0,0,0,1,True
217,0.7920982922066429,0.99901947919383,0.04427279290137974,0,0,0,1,True
217,0.7501260083392935,0.5025182575726944,0.8645665970913422,0,0,0,1,True
217,0.7056545480772836,-0.45599593257909704,0.8899818590686664,0,0,0,1,True
217,0.6591282555512441,-0.9952695652506521,0.09715190417988626,0,0,0,1,True
217,0.6110120060965412,-0.6194969495515196,-0.7849990633729202,0,0,0,1,True
217,0.561786561372612,0.3258383046087229,-0.9454255122693237,0,0,0,1,True
217,0.5119437657513695,0.9715993241920361,-0.2366321052384454,0,0,0,1,True
217,0.4619816319708232,0.7240764058730438,0.689719768063795,0,0,0,1,True
217,0.41239936515642645,-0.18915902075619492,0.9819464674138593,0,0,0,1,True
217,0.3636923749284631,-0.9284825160537067,0.3713761131017696,0,0,0,1,True
217,0.31634732543290434,-0.8141634680079446,-0.580635726907393,0,0,0,1,True
217,0.27083727275411706,0.048693717817118926,-0.9988137573367454,0,0,0,1,True
217,0.22761693829484447,0.8667821240437084,-0.4986870255363352,0,0,0,1,True
217,0.1871181653502632,0.8879550427950801,0.45993025772913376,0,0,0,1,True
217,0.14974560427251538,0.0927461902151406,0.9956897831154927,0,0,0,1,True
217,0.11587266933816659,-0.7877330819276289,0.6160167137641636,0,0,0,1,True
217,0.08583780771617727,-0.9439741913633689,-0.33001928131531005,0,0,0,1,True
217,0.05994111781566902,-0.23232978261965265,-0.9726370711153801,0,0,0,1,True
217,0.03844135080182154,0.692917556820885,-0.7210168232776373,0,0,0,1,True
217,0.021553325239756116,0.9810996900733364,0.19350296674212325,0,0,0,1,True
217,0.009445780698451478,0.36726329284539677,0.9301170215238276,0,0,0,1,True
217,0.0022396917607422906,-0.584233282103149,0.8115857761709371,0,0,0,1,True
217,7.059285277777327e-06,-0.9985884718158823,-0.053113688973945104,0,0,0,1,True
217,0.0027701909977422834,-0.49484602576777714,-0.8689806734225085,0,0,0,1,True
217,0.010501478599435121,0.46385557427185253,-0.8859108342361154,0,0,0,1,True
217,0.023123673620264074,0.9960904985055212,-0.08833865964017233,0,0,0,1,True
217,0.040510659259923976,0.6125244121199033,0.7904516712343437,0,0,0,1,True
217,0.06248871050527666,-0.3341937939677003,0.9425043809306535,0,0,0,1,True
217,0.08883822993325435,-0.9736557670950443,0.22802290938096753,0,0,0,1,True
217,0.11929594185572956,-0.7179431181988293,-0.6961017734720562,0,0,0,1,True
217,0.15355752288315216,0.19784312260506454,-0.9802336960326743,0,0,0,1,True
217,0.1912806426232691,0.9317333088861682,-0.36314327904015004,0,0,0,1,True
217,0.23208838413324256,0.8089921878856322,0.5878193939808536,0,0,0,1,True
217,0.2755730099491477,-0.05753261979833144,0.9983436270438855,0,0,0,1,True
217,0.32130003606394436,-0.8711622021649791,0.4909953335002932,0,0,0,1,True
217,0.3688125731480356,-0.883849273431478,-0.46777180532247614,0,0,0,1,True
217,0.4176358916364339,-0.08392939878483582,-0.9964717035719659,0,0,0,1,True
217,0.46728216506964654,0.7931547780443311,-0.6090201130220971,0,0,0,1,True
217,0.5172553442944013,0.9410161097602051,0.33836176080013775,0,0,0,1,True
217,0.5670561138228286,0.22371156988067947,0.9746553921779337,0,0,0,1,True
217,0.6161868808277423,-0.69927235564838,0.7148553508409695,0,0,0,1,True
217,0.6641567469257017,-0.9793485022540106,-0.20217940333482604,0,0,0,1,True
217,0.7104864130713856,-0.35901615238432194,-0.9333313464826719,0,0,0,1,True
217,0.7547129685552146,0.5913939922996974,-0.8063827539523805,0,0,0,1,True
217,0.7963945162541564,0.9980792278165047,0.061950423737127995,0,0,0,1,True
217,0.8351145879216874,0.4871350241570022,0.8733266675417377,0,0,0,1,True
217,0.8704863054008598,-0.4716788741741842,0.8817704007607503,0,0,0,1,True
217,0.9021562461829571,-0.996833390848202,0.07951849401287635,0,0,0,1,True
217,0.9298079746883731,-0.6055038851090959,-0.7958423494121123,0,0,0,1,True
217,0.9531652039863319,0.34252310017507853,-0.9395094070026404,0,0,0,1,True
217,0.9719945563625596,0.9756359267844935,-0.21939584856455807,0,0,0,1,True
217,0.9861078951522695,0.7117535816838442,0.7024292412479847,0,0,0,1,True
217,0.9953642045395241,-0.2065117239971168,0.9784441260755459,0,0,0,1,True
217,0.9996709985406551,-0.9349111030127383,0.35488199371552387,0,0,0,1,True
217,0.9989852450936406,-0.8037575254818999,-0.5949570070443855,0,0,0,1,True
217,0.9933137960202427,0.06636701425925702,-0.9977952793125009,0,0,0,1,True
217,0.9827133185648709,0.8754740271576205,-0.483265173349392,0,0,0,1,True
217,0.9672897291942073,0.8796742569426005,0.4755767042996153,0,0,0,1,True
217,0.9471971353148846,0.07510603172023837,0.9971755532498972,0,0,0,1,True
217,0.9226362954832135,-0.7985143326964996,0.6019757972528995,0,0,0,1,True
217,0.893852613492059,-0.9379843021695936,-0.34667773058479046,0,0,0,1,True
217,0.8611336863772565,-0.21507582996419908,-0.9765973517090915,0,0,0,1,True
217,0.8248064308430978,0.7055723684372722,-0.708637871481491,0,0,0,1,True
217,0.7852338168186891,0.9775205852112047,0.21083999973521134,0,0,0,1,True
217,0.7428112407823895,0.3507408840091023,0.9364725475338364,0,0,0,1,True
217,0.6979625750909171,-0.5985083684265092,0.8011165538942744,0,0,0,1,True
217,0.6511359327868634,-0.9974917870935445,-0.07078230485740782,0,0,0,1,True
217,0.6027991902013006,-0.47938585687583785,-0.8776042389525125,0,0,0,1,True
217,0.5534353120881442,0.4794652193523661,-0.8775608830339849,0,0,0,1,True
217,0.5035375259999655,0.9974981840751515,-0.07069209833337335,0,0,0,1,True
217,0.4536043941213457,0.5984359185578068,0.8011706755616272,0,0,0,1,True
217,0.40413483180031706,-0.35082557065294895,0.9364408251331382,0,0,0,1,True
217,0.35562312255112827,-0.9775396481203953,0.21075159869536877,0,0,0,1,True
217,0.30855397933676143,-0.7055082812610101,-0.708701675652129,0,0,0,1,True
217,0.2633977014772176,0.21516414577161172,-0.9765778977502884,0,0,0,1,True
217,0.22060547557419186,0.9380156494621107,-0.34659290437655327,0,0,0,1,True
217,0.1806048674036781,0.7984598909179464,0.6020480068859135,0,0,0,1,True
217,0.14379554982007298,-0.07519620904973118,0.9971687571041068,0,0,0,1,True
217,0.11054530935713142,-0.8797172612021713,0.47549715072011806,0,0,0,1,True
217,0.08118637142648621,-0.8754303204293443,-0.48334434316848646,0,0,0,1,True
217,0.05601208083116832,-0.06627678030754695,-0.9978012770046274,0,0,0,1,True
217,0.03527397076129202,0.8038113259779768,-0.5948843183590627,0,0,0,1,True
217,0.019179249557567724,0.9348790061252026,0.35496653913623116,0,0,0,1,True
217,0.00788873035405624,0.20642323945634647,0.9784627975617406,0,0,0,1,True
217,0.0015152242864879817,-0.7118171015991321,0.7023648723213674,0,0,0,1,True
217,0.0001224133206900735,-0.9756160821571205,-0.219484077409708,0,0,0,1,True
217,0.003724213963430645,-0.3424381360639331,-0.9395403785729803,0,0,0,1,True
217,0.012284638213284516,0.6055758530920589,-0.7957875885887045,0,0,0,1,True
217,0.025718153140845912,0.9968261956713436,0.0796086403815333,0,0,0,1,True
217,0.043890535505490325,0.47159913104992585,0.8818130525190443,0,0,0,1,True
217,0.06662021286962039,-0.48721399976797164,0.873282610859792,0,0,0,1,True
217,0.09368007781044602,-0.9980848261016746,0.061860164125145584,0,0,0,1,True
217,0.1247997571022807,-0.5913210662215004,-0.8064362322233966,0,0,0,1,True
217,0.15966831319643604,0.35910055492590737,-0.9332988757369771,0,0,0,1,True
217,0.19793735100643645,0.9793667819514931,-0.20209083702626568,0,0,0,1,True
217,0.23922449895654407,0.6992077062321952,0.7149185852567496,0,0,0,1,True
217,0.283117229512158,-0.22379971003543722,0.9746351572706857,0,0,0,1,True
217,0.3291769810185743,-0.9410467050017307,0.33827666045026744,0,0,0,1,True
217,0.37694353966406685,-0.7930996992486631,-0.6090918379453792,0,0,0,1,True
217,0.4259396377841818,0.08401951242696915,-0.9964641095049708,0,0,0,1,True
217,0.4756757225624564,0.8838915718530796,-0.46769187421537717,0,0,0,1,True
217,0.5256548474803497,0.8711177963922977,0.4910741133562503,0,0,0,1,True
217,0.5753776376425845,0.05744233629398255,0.9983488258124457,0,0,0,1,True
217,0.6243472793660254,-0.8090453428841139,0.587746231938178,0,0,0,1,True
217,0.6720744841777901,-0.9317004649183155,-0.36322753704942956,0,0,0,1,True
217,0.7180823776239125,-0.19775447626345347,-0.9802515835834019,0,0,0,1,True
217,0.7619112640412662,0.718006065876535,-0.6960368448325855,0,0,0,1,True
217,0.8031232196846728,0.9736351423042602,0.22811095911894086,0,0,0,1,True
217,0.8413064683162021,0.33410855904595715,0.9425345992440989,0,0,0,1,True
217,0.8760794955372373,-0.6125958925786359,0.7903962755452384,0,0,0,1,True
217,0.9070948607542173,-0.9960825056971334,-0.08842873879073523,0,0,0,1,True
217,0.9340426686902108,-0.4637754567475154,-0.8859527784925297,0,0,0,1,True
217,0.9566536657560823,0.4949246083256689,-0.8689359194288628,0,0,0,1,True
217,0.9747019303433506,0.998593270966005,-0.053023383345603574,0,0,0,1,True
217,0.9880071301582252,0.5841598855290122,0.811638606855743,0,0,0,1,True
217,0.9964363240422686,-0.3673474046720173,0.9300838049771285,0,0,0,1,True
217,0.9999052902765126,-0.9811171851269475,0.19341424210376837,0,0,0,1,True
217,0.9983793680970325,-0.6928523502298791,-0.7210794829843191,0,0,0,1,True
217,0.9918738040138435,0.23241774021622025,-0.9726160568450356,0,0,0,1,True
217,0.9804535994728103,0.9440040321568512,-0.32993391349118173,0,0,0,1,True
217,0.9642328613826894,0.7876773704301162,0.616087948358266,0,0,0,1,True
217,0.943373661996614,-0.09283623310976193,0.9956813917222668,0,0,0,1,True
217,0.9180844195397155,-0.8879966320647492,0.4598499553568124,0,0,0,1,True
217,0.8886178157631133,-0.8667370227056902,-0.49876540925697305,0,0,0,1,True
217,0.8552682712313746,-0.04860339183359195,-0.9988181567744302,0,0,0,1,True
217,0.818369003569569,0.8142159733442853,-0.5805620972394064,0,0,0,1,True
217,0.7782886980628968,0.9284489275787703,0.37146007709824136,0,0,0,1,True
217,0.7354278238751933,0.18907021955893671,0.9819635696276799,0,0,0,1,True
217,0.690214632693424,-0.7241387763813923,0.6896542847984487,0,0,0,1,True
217,0.6431008797783768,-0.9715779208537356,-0.23671996897079078,0,0,0,1,True
217,0.5945573101754458,-0.3257528055543003,-0.9454549749583542,0,0,0,1,True
217,0.5450689551857327,0.6195679368857272,-0.7849430371582153,0,0,0,1,True
217,0.4951302860936197,0.9952607754369492,0.09724190905490493,0,0,0,1,True
217,0.4452402735731494,0.45591544693166575,0.8900230925369855,0,0,0,1,True
217,0.39589740213797364,-0.5025964409207844,0.864521149292347,0,0,0,1,True
217,0.34759468944889166,-0.9990234788329058,0.044182448331873195,0,0,0,1,True
217,0.3008147602443386,-0.576952937538875,-0.816777391867125,0,0,0,1,True
217,0.2560250241135379,0.3755654737736039,-0.9267958647454188,0,0,0,1,True
217,0.21367300529439298,0.982790720507552,-0.18472249371488758,0,0,0,1,True
217,0.17418187115922262,0.6864427111784777,0.7271838861456853,0,0,0,1,True
217,0.13794620406627522,-0.24101756111533412,0.9705207546642247,0,0,0,1,True
217,0.10532805882322444,-0.9468873992291383,0.3215653171302501,0,0,0,1,True
217,0.07665334515521366,-0.7821933292866444,-0.6230357899988372,0,0,0,1,True
217,0.05220857132261497,0.10164568033263627,-0.9948206650797496,0,0,0,1,True
217,0.03223798142519241,0.8920321202171627,-0.451972008536893,0,0,0,1,True
217,0.01694111499580353,0.862288342590921,0.506417628279074,0,0,0,1,True
217,0.006470813267339004,0.03976063943301937,0.9992092331198094,0,0,0,1,True
217,0.0009316920336481238,-0.8193228122540169,0.5733324771196631,0,0,0,1,True
217,0.00037909636310773376,-0.9251246488554479,-0.37966351428611655,0,0,0,1,True
217,0.004818547608993862,-0.1803711497300862,-0.9835986215652434,0,0,0,1,True
217,0.014205688241945402,0.7302147526329418,-0.683217692274733,0,0,0,1,True
217,0.028446725055734035,0.9694445789831095,0.24531043247334874,0,0,0,1,True
217,0.0473993663179772,0.3173715302389422,0.9483012769124547,0,0,0,1,True
217,0.0708742435020911,-0.6264914397731085,0.7794283006736524,0,0,0,1,True
217,0.09863680339501801,-0.9943610692710649,-0.10604746068673451,0,0,0,1,True
217,0.1304096516753886,-0.4480197174122222,-0.8940236757546596,0,0,0,1,True
217,0.1658753245458925,0.5102288964866328,-0.8600386463351707,0,0,0,1,True
217,0.20467946072660054,0.9993754159967905,-0.03533805174655298,0,0,0,1,True
217,0.246434342115734,0.5697007868953616,0.8218521846480703,0,0,0,1,True
217,0.2907227677407873,-0.3837541183678754,0.923435312642794,0,0,0,1,True
217,0.33710222229271913,-0.9843872569764778,0.17601627283386595,0,0,0,1,True
217,0.385109297592656,-0.6799792912553325,-0.7332313164778873,0,0,0,1,True
217,0.4342643228132301,0.2495984989607987,-0.9683494148893343,0,0,0,1,True
217,0.484076157190925,0.9496965803148245,-0.31317152702365525,0,0,0,1,True
217,0.5340470973422491,0.7766480054775746,0.6299348185230796,0,0,0,1,True
217,0.5836778501514035,-0.11044716389997422,0.9938819970129513,0,0,0,1,True
217,0.6324725215420648,-0.8959977201410795,0.4440586509707787,0,0,0,1,True
217,0.6799435712870714,-0.8577721045896685,-0.514030170892537,0,0,0,1,True
217,0.7256166843492107,-0.030914771897250545,-0.9995220242088421,0,0,0,1,True
217,0.7690355100802964,0.8243654595067245,-0.5660579379995188,0,0,0,1,True
217,0.8097662219259756,0.9217278891963141,0.38783720589663306,0,0,0,1,True
217,0.8474018520772696,0.17165794832475895,0.9851566112943334,0,0,0,1,True
217,0.8815663577583919,-0.7362335185953917,0.6767275715505089,0,0,0,1,True
217,0.9119183785218589,-0.967235283833767,-0.2538816765877605,0,0,0,1,True
217,0.9381546470092503,-0.30896538974942617,-0.9510732821065815,0,0,0,1,True
217,0.9600130190983953,0.63336585880364,-0.773852498155771,0,0,0,1,True
217,0.9772750931607952,0.9933834576889489,0.11484470379581474,0,0,0,1,True
217,0.9897683922585048,0.44008888679756925,0.8979542147110153,0,0,0,1,True
217,0.9973680874766716,-0.51782137704161,0.8554887617489377,0,0,0,1,True
217,0.9999982451728033,-0.9996490548843638,0.026490886523445938,0,0,0,1,True
217,0.9976325856806139,-0.5624040017842467,-0.8268625876027196,0,0,0,1,True
217,0.990294745887767,0.39191269689736824,-0.9200024119591381,0,0,0,1,True
217,0.9780580430639032,0.9859066694495454,-0.1672962615688254,0,0,0,1,True
217,0.961044742298726,0.6734625968513661,0.7392213001816265,0,0,0,1,True
217,0.9394248348696268,-0.25815988146006835,0.9661022076387795,0,0,0,1,True
217,0.9134143397450517,-0.9524313553224073,0.3047532008014393,0,0,0,1,True
217,0.8832731451943564,-0.7710418334635599,-0.6367844934113518,0,0,0,1,True
217,0.849302412070132,0.11923999424008805,-0.9928654610638965,0,0,0,1,True
217,0.8118415647085339,0.8998931211428065,-0.43611050264796214,0,0,0,1,True
217,0.7712648995134788,0.853188662536583,0.5216024406758817,0,0,0,1,True
217,0.727977845110745,0.022066482275333348,0.999756505535219,0,0,0,1,True
217,0.6824129114391212,-0.829343520025061,0.5587390498188232,0,0,0,1,True
217,0.6350253682540828,-0.9182589147280136,-0.3959805115438519,0,0,0,1,True
217,0.586288696222909,-0.16293129799798153,-0.9866374167508005,0,0,0,1,True
217,0.5366898560623197,0.7421946027152168,-0.6701844311086327,0,0,0,1,True
217,0.4867244229880166,0.9649502084978204,0.2624330297809573,0,0,0,1,True
217,0.4368916350908949,0.30053504268341247,0.9537707733618594,0,0,0,1,True
217,0.3876894051150861,-0.6401906553857654,0.7682160664531459,0,0,0,1,True
217,0.33960934547842747,-0.9923280172837418,-0.12363294914268595,0,0,0,1,True
217,0.2931318562436403,-0.43212357644616434,-0.9018144014592891,0,0,0,1,True
217,0.24872132511975636,0.5253732877360419,-0.8508718520044144,0,0,0,1,True
217,0.20682148745358891,0.9998443740567825,-0.01764164581327013,0,0,0,1,True
217,0.16785099257284808,0.5550631538882909,0.8318082081799767,0,0,0,1,True
217,0.1321992207804603,-0.40004057016021116,0.9164974316526442,0,0,0,1,True
217,0.10022239279525619,-0.9873488388850257,0.15856314310832614,0,0,0,1,True
217,0.07224001051233886,-0.6668931385314084,-0.7451533679583874,0,0,0,1,True
217,0.04853166464572867,0.2667010378527043,-0.9637793089749802,0,0,0,1,True
217,0.029334241150385076,0.9550915099898928,-0.2963109980159809,0,0,0,1,True
217,0.01483955433605455,0.7653752524725406,0.6435842780107317,0,0,0,1,True
217,0.005192430322075281,-0.12802348245924622,0.9917711368753414,0,0,0,1,True
217,0.0004892599826825106,-0.9037180180285407,0.428128186283695,0,0,0,1,True
217,0.0007770358412443334,-0.848538375531565,-0.5291338443628917,0,0,0,1,True
217,0.006052882536509041,-0.01321646380607935,-0.9999126587279824,0,0,0,1,True
217,0.016264085552259222,0.8342566037918699,-0.5513763859920506,0,0,0,1,True
217,0.03130861792333928,0.9147179972350201,0.40409279322248953,0,0,0,1,True
217,0.05103615965535435,0.15419188245846607,0.9880409219176677,0,0,0,1,True
217,0.07524959967237832,-0.7480975379581034,0.6635887835859072,0,0,0,1,True
217,0.10370700528566446,-0.9625895320045489,-0.27096382207826836,0,0,0,1,True
217,0.13612403950508445,-0.29208114953507913,-0.9563935393373727,0,0,0,1,True
217,0.17217680204037383,0.6469652948157085,-0.7625194471644794,0,0,0,1,True
217,0.21150506560572868,0.9911948307462555,0.13241150819283803,0,0,0,1,True
217,0.2537158751918044,0.42412441041785603,0.9056039335646163,0,0,0,1,True
217,0.29838747434226187,-0.5328840368987897,0.8461882788236016,0,0,0,1,True
217,0.3450735192048447,-0.9999613582113339,0.008791022929352243,0,0,0,1,True
217,0.39330753825165365,-0.5476788183424514,-0.8366886589042641,0,0,0,1,True
217,0.44260759310840636,0.4081371013602049,-0.912920646328743,0,0,0,1,True
217,0.49248109392341244,0.9887136522929661,-0.1498176016678404,0,0,0,1,True
217,0.5424297211625229,0.6602714309941945,0.7510270550472057,0,0,0,1,True
217,0.5919544046531715,-0.2752212989629269,0.9613809008905675,0,0,0,1,True
217,0.6405603101286175,-0.9576768359015827,0.2878455800903205,0,0,0,1,True
217,0.6877617834483125,-0.7596487064653314,-0.6503336395770626,0,0,0,1,True
217,0.733087203093586,0.1367969403956463,-0.9905991101845337,0,0,0,1,True
217,0.7760836924539402,0.9074721111282797,-0.42011232727019937,0,0,0,1,True
217,0.8163216448204238,0.8438216079116303,0.5366237918890951,0,0,0,1,True
217,0.8533990158739011,0.0043654098637504885,0.999990471552965,0,0,0,1,True
217,0.8869453407789445,-0.8391043258807425,0.5439705233633756,0,0,0,1,True
217,0.9166254357460493,-0.9111054141383427,-0.4121734153579038,0,0,0,1,True
217,0.9421427470772422,-0.14544038641504342,-0.9893670168342196,0,0,0,1,True
217,0.9632423142325967,0.7539418618455402,-0.6569411457329191,0,0,0,1,True
217,0.9797133173116919,0.960153439306371,0.279473385115912,0,0,0,1,True
217,0.9913911834963465,0.2836043726433742,0.9589413745467228,0,0,0,1,True
217,0.9981592314078356,-0.6536892463193665,0.7567630866040035,0,0,0,1,True
217,0.9999498369486466,-0.9899839868584944,-0.1411796931706552,0,0,0,1,True
217,0.9967451089801107,-0.41609201542499075,-0.9093225141277265,0,0,0,1,True
217,0.9885770680847464,0.5403530360836063,-0.8414384091513941,0,0,0,1,True
217,0.9755273266271873,0.999999998182636,6.0288706691585265e-05,0,0,0,1,True
217,0.9577262733104053,0.5402515736888212,0.8415035574058807,0,0,0,1,True
217,0.9353517703748924,-0.4162016561567134,0.909272336218588,0,0,0,1,True
217,0.9086273764579591,-0.9900010027440429,0.14106032243614638,0,0,0,1,True
217,0.8778201128697058,-0.6535979930320404,-0.7568419012610816,0,0,0,1,True
217,0.8432377956043877,0.2837199972520434,-0.9589071712941251,0,0,0,1,True
217,0.8052259597447214,0.9601871305044031,-0.2793576102663403,0,0,0,1,True
217,0.7641644069895682,0.7538626441008393,0.6570320493166915,0,0,0,1,True
217,0.7204634108009245,-0.14555968067333058,0.9893494728164958,0,0,0,1,True
217,0.6745596170870661,-0.9111551063193005,0.41206355362767066,0,0,0,1,True
217,0.6269116813810182,-0.8390387292223656,-0.5440716964379951,0,0,0,1,True
217,0.5779956861060355,0.0044859860962648745,-0.9999899379137492,0,0,0,1,True
217,0.5283003837174203,0.8438863064861742,-0.536522042161478,0,0,0,1,True
217,0.4783223132495708,0.9074214484737904,0.42022174485588953,0,0,0,1,True
217,0.428560839062034,0.13667749552301828,0.9906155976046185,0,0,0,1,True
217,0.3795131613559495,-0.7597271164910521,0.6502420383735517,0,0,0,1,True
217,0.33166934831394246,-0.9576421212643548,-0.28796105219335977,0,0,0,1,True
217,0.2855074395008603,-0.275105376140123,-0.9614140793741277,0,0,0,1,True
217,0.24148866945047825,0.660361983093894,-0.750947435766512,0,0,0,1,True
217,0.20005285916245624,0.9886955804866999,0.14993681711330134,0,0,0,1,True
217,0.1616140215563462,0.4080270207833117,0.9129698518082046,0,0,0,1,True
217,0.1265562247913118,-0.5477797001152385,0.8366226151268321,0,0,0,1,True
217,0.09522975478405826,-0.9999602909433546,-0.008911595619283405,0,0,0,1,True
217,0.06794761526775261,-0.5327820018313022,-0.8462525264509585,0,0,0,1,True
217,0.04498240036215778,0.42423360271436256,-0.9055527871571002,0,0,0,1,True
217,0.026563570903326228,0.9912107893779389,-0.1322919915216454,0,0,0,1,True
217,0.012875161746751462,0.6468733474901962,0.7625974510230334,0,0,0,1,True
217,0.004053942951938561,-0.2921964668707481,0.9563583139954668,0,0,0,1,True
217,0.0001880532211805397,-0.9626221971237736,0.2708477535528008,0,0,0,1,True
217,0.0013161192467727734,-0.7480175187009116,-0.663678982427899,0,0,0,1,True
217,0.007426869765876309,0.15431101675603995,-0.9880223226768295,0,0,0,1,True
217,0.018459248179249654,0.9147667150492026,-0.40398249595507346,0,0,0,1,True
217,0.03430302260860835,0.8341901141889754,0.5514769744870444,0,0,0,1,True
217,0.05479988729710539,-0.01333703059178224,0.9999110578521441,0,0,0,1,True
217,0.07974504434814167,-0.8486021709533231,0.5290315259540843,0,0,0,1,True
217,0.1088892499982288,-0.9036663888697973,-0.42823715115227945,0,0,0,1,True
217,0.14194130497830798,-0.1279038963304499,-0.9917865664060436,0,0,0,1,True
217,0.17857096408058054,0.7654528486360741,-0.643491986364181,0,0,0,1,True
217,0.21841223585944158,0.955055774633264,0.29642615832557057,0,0,0,1,True
217,0.26106703949706156,0.2665848258979956,0.963811460090061,0,0,0,1,True
217,0.3061091822952848,-0.6669829823489768,0.7450729502920265,0,0,0,1,True
217,0.35308861805223013,-0.9873297125739173,-0.15868219392454155,0,0,0,1,True
217,0.4015359437751581,-0.39993005836265355,-0.9165456608473167,0,0,0,1,True
217,0.4509670897999881,0.5551634471352745,-0.8317412740539448,0,0,0,1,True
